Streamer,Date,Duration,Viewers
RatoBorrachudo,"Oct 17, 2020, 23:53",6.0 hrs,5.817
RatoBorrachudo,"Oct 16, 2020, 23:25",6.3 hrs,10.816
RatoBorrachudo,"Oct 15, 2020, 22:59",5.3 hrs,4.071
RatoBorrachudo,"Oct 14, 2020, 23:32",5.4 hrs,5.003
RatoBorrachudo,"Oct 13, 2020, 23:00",3.7 hrs,4.689
RatoBorrachudo,"Oct 12, 2020, 23:30",6.1 hrs,6.084
RatoBorrachudo,"Oct 10, 2020, 23:00",3.6 hrs,4.671
RatoBorrachudo,"Oct 9, 2020, 22:51",7.4 hrs,11.065
RatoBorrachudo,"Oct 8, 2020, 23:50",5.2 hrs,4.852
RatoBorrachudo,"Oct 7, 2020, 23:50",3.7 hrs,4.925
RatoBorrachudo,"Oct 7, 2020, 01:03",4.5 hrs,4.839
RatoBorrachudo,"Oct 5, 2020, 22:51",5.5 hrs,6.526
RatoBorrachudo,"Oct 3, 2020, 22:51",4.0 hrs,3.044
RatoBorrachudo,"Oct 2, 2020, 23:34",5.7 hrs,4.008
RatoBorrachudo,"Oct 1, 2020, 22:19",6.6 hrs,5.584
RatoBorrachudo,"Sep 30, 2020, 00:03",4.2 hrs,4.657
RatoBorrachudo,"Sep 28, 2020, 22:44",4.0 hrs,5.130
RatoBorrachudo,"Sep 9, 2020, 00:04",4.2 hrs,1.727
RatoBorrachudo,"Sep 8, 2020, 01:17",5.6 hrs,2.389
RatoBorrachudo,"Sep 5, 2020, 21:34",5.0 hrs,2.168
RatoBorrachudo,"Sep 3, 2020, 23:37",3.5 hrs,1.769
RatoBorrachudo,"Sep 3, 2020, 18:09",2.3 hrs,1.528
RatoBorrachudo,"Sep 1, 2020, 23:15",5.3 hrs,2.493
RatoBorrachudo,"Sep 1, 2020, 17:52",0.9 hrs,770
RatoBorrachudo,"Aug 31, 2020, 22:14",6.0 hrs,2.315
RatoBorrachudo,"Aug 31, 2020, 02:03",3.9 hrs,1.105
RatoBorrachudo,"Aug 30, 2020, 20:00",4.4 hrs,1.352
RatoBorrachudo,"May 30, 2020, 00:00",8.7 hrs,4.052
keiozin,"Oct 19, 2020, 17:55",4.5 hrs,4.712
keiozin,"Oct 19, 2020, 00:04",4.2 hrs,4.284
keiozin,"Oct 18, 2020, 03:30",5.7 hrs,4.665
keiozin,"Oct 14, 2020, 17:27",6.5 hrs,5.225
keiozin,"Oct 11, 2020, 21:25",5.5 hrs,14.743
keiozin,"Oct 10, 2020, 22:40",5.7 hrs,4.468
keiozin,"Oct 7, 2020, 16:53",6.5 hrs,4.686
keiozin,"Oct 3, 2020, 00:59",4.4 hrs,1.801
keiozin,"Sep 29, 2020, 20:08",4.6 hrs,4.381
keiozin,"Sep 28, 2020, 18:30",6.4 hrs,7.039
keiozin,"Sep 22, 2020, 21:59",3.9 hrs,3.003
keiozin,"Sep 21, 2020, 19:58",6.0 hrs,6.028
keiozin,"Sep 18, 2020, 15:55",1.0 hrs,6.821
keiozin,"Sep 17, 2020, 18:02",4.4 hrs,5.668
keiozin,"Sep 17, 2020, 00:13",2.0 hrs,3.408
keiozin,"Sep 16, 2020, 11:45",3.5 hrs,5.455
keiozin,"Sep 15, 2020, 19:10",5.1 hrs,4.272
keiozin,"Sep 14, 2020, 16:28",8.1 hrs,5.578
keiozin,"Sep 12, 2020, 12:43",2.7 hrs,4.675
keiozin,"Sep 11, 2020, 20:42",4.2 hrs,3.653
keiozin,"Sep 10, 2020, 12:21",3.0 hrs,5.466
keiozin,"Sep 9, 2020, 21:17",3.6 hrs,3.268
keiozin,"Sep 8, 2020, 19:04",6.8 hrs,4.144
keiozin,"Sep 7, 2020, 19:00",5.2 hrs,5.612
keiozin,"Sep 6, 2020, 20:21",5.5 hrs,3.946
keiozin,"Sep 4, 2020, 21:15",5.0 hrs,4.611
keiozin,"Sep 3, 2020, 22:21",4.5 hrs,3.262
keiozin,"Sep 2, 2020, 22:36",3.5 hrs,3.737
keiozin,"Sep 1, 2020, 22:20",1.6 hrs,3.046
keiozin,"Aug 31, 2020, 12:32",2.9 hrs,4.700
keiozin,"Aug 29, 2020, 01:47",5.3 hrs,4.214
keiozin,"Aug 26, 2020, 20:09",4.9 hrs,5.633
keiozin,"Aug 25, 2020, 21:35",4.0 hrs,5.185
keiozin,"Aug 23, 2020, 01:46",3.5 hrs,3.899
keiozin,"Aug 21, 2020, 19:44",5.2 hrs,3.788
keiozin,"Aug 20, 2020, 21:53",5.5 hrs,5.904
keiozin,"Aug 19, 2020, 13:11",2.0 hrs,2.555
keiozin,"Aug 18, 2020, 22:32",4.4 hrs,5.750
keiozin,"Aug 18, 2020, 00:34",3.2 hrs,5.526
keiozin,"Aug 17, 2020, 15:49",4.6 hrs,5.249
keiozin,"Aug 16, 2020, 18:10",6.2 hrs,5.942
keiozin,"Aug 15, 2020, 20:20",4.6 hrs,5.668
keiozin,"Aug 3, 2020, 13:00",2.6 hrs,4.534
keiozin,"Aug 1, 2020, 23:29",4.9 hrs,19.626
keiozin,"Jul 30, 2020, 17:52",8.2 hrs,5.618
keiozin,"Jul 29, 2020, 18:10",5.1 hrs,4.878
keiozin,"Jul 28, 2020, 18:00",5.1 hrs,5.434
keiozin,"Jul 27, 2020, 20:23",4.0 hrs,6.254
keiozin,"Jul 26, 2020, 21:23",6.7 hrs,6.418
keiozin,"Jul 25, 2020, 02:05",4.2 hrs,3.636
keiozin,"Jul 23, 2020, 18:09",6.8 hrs,4.048
keiozin,"Jul 22, 2020, 16:31",9.7 hrs,4.327
keiozin,"Jul 21, 2020, 16:42",5.9 hrs,7.413
keiozin,"Jul 20, 2020, 16:06",7.5 hrs,7.978
keiozin,"Jul 17, 2020, 17:14",3.8 hrs,3.853
keiozin,"Jul 17, 2020, 11:44",3.3 hrs,3.741
keiozin,"Jul 16, 2020, 06:50",8.6 hrs,5.315
keiozin,"Jul 15, 2020, 18:10",4.7 hrs,5.104
keiozin,"Jul 14, 2020, 20:31",3.4 hrs,3.471
keiozin,"Jul 14, 2020, 01:09",3.1 hrs,2.468
keiozin,"Jul 14, 2020, 00:14",0.5 hrs,1.553
keiozin,"Jul 13, 2020, 00:46",4.0 hrs,4.999
keiozin,"Jul 12, 2020, 02:19",2.6 hrs,3.944
keiozin,"Jul 10, 2020, 01:25",4.0 hrs,3.171
keiozin,"Jul 8, 2020, 22:48",5.6 hrs,4.495
keiozin,"Jul 7, 2020, 21:43",1.5 hrs,2.829
keiozin,"Jul 6, 2020, 18:03",4.5 hrs,5.492
keiozin,"Jul 2, 2020, 23:28",5.6 hrs,4.828
keiozin,"Jun 29, 2020, 23:39",5.4 hrs,5.242
keiozin,"Jun 28, 2020, 08:08",0.4 hrs,748
keiozin,"Jun 25, 2020, 20:55",3.8 hrs,3.934
keiozin,"Jun 23, 2020, 18:23",4.3 hrs,4.399
keiozin,"Jun 22, 2020, 18:04",3.2 hrs,3.237
keiozin,"Jun 17, 2020, 18:33",0.2 hrs,611
keiozin,"Jun 16, 2020, 18:50",3.4 hrs,4.724
keiozin,"Jun 15, 2020, 20:21",3.7 hrs,4.623
keiozin,"Jun 15, 2020, 02:58",3.4 hrs,3.108
keiozin,"Jun 13, 2020, 23:06",4.3 hrs,7.403
keiozin,"Jun 12, 2020, 05:42",8.9 hrs,3.822
keiozin,"Jun 10, 2020, 23:52",7.5 hrs,3.716
keiozin,"Jun 9, 2020, 03:53",0.7 hrs,2.153
keiozin,"Jun 8, 2020, 23:58",2.4 hrs,3.492
keiozin,"Jun 7, 2020, 21:14",10.2 hrs,4.865
keiozin,"Jun 7, 2020, 01:29",5.3 hrs,5.005
keiozin,"Jun 6, 2020, 00:21",5.9 hrs,4.857
keiozin,"Jun 4, 2020, 19:35",6.5 hrs,4.847
keiozin,"Jun 3, 2020, 18:34",6.5 hrs,4.196
keiozin,"Jun 2, 2020, 18:00",7.9 hrs,5.344
keiozin,"Jun 1, 2020, 18:14",4.5 hrs,5.454
keiozin,"May 31, 2020, 17:58",9.9 hrs,3.865
keiozin,"May 30, 2020, 17:35",9.2 hrs,7.841
keiozin,"May 29, 2020, 17:45",8.0 hrs,4.341
keiozin,"May 28, 2020, 18:53",7.9 hrs,3.428
keiozin,"May 27, 2020, 17:25",7.2 hrs,3.265
keiozin,"May 26, 2020, 19:17",5.3 hrs,3.294
keiozin,"May 26, 2020, 03:29",7.4 hrs,3.011
keiozin,"May 24, 2020, 20:10",10.4 hrs,8.637
keiozin,"May 23, 2020, 01:32",3.0 hrs,2.556
keiozin,"May 22, 2020, 00:46",5.5 hrs,2.912
keiozin,"May 17, 2020, 02:27",4.5 hrs,2.847
keiozin,"May 16, 2020, 12:05",4.8 hrs,2.775
keiozin,"May 15, 2020, 16:33",6.7 hrs,2.126
keiozin,"May 14, 2020, 08:11",6.7 hrs,1.915
keiozin,"May 14, 2020, 06:18",0.8 hrs,1.434
keiozin,"May 13, 2020, 05:05",6.8 hrs,1.884
keiozin,"May 13, 2020, 02:37",1.5 hrs,2.141
keiozin,"May 11, 2020, 22:25",8.7 hrs,2.060
keiozin,"May 10, 2020, 21:38",9.3 hrs,2.199
keiozin,"May 9, 2020, 20:46",9.1 hrs,2.142
keiozin,"May 8, 2020, 16:19",9.4 hrs,3.141
keiozin,"May 7, 2020, 17:03",9.0 hrs,3.200
keiozin,"May 6, 2020, 17:30",6.4 hrs,2.615
keiozin,"May 5, 2020, 17:02",8.5 hrs,2.691
keiozin,"May 5, 2020, 13:55",2.5 hrs,1.011
keiozin,"Apr 28, 2020, 23:16",5.3 hrs,1.872
keiozin,"Apr 21, 2020, 13:04",4.3 hrs,1.685
keiozin,"Apr 12, 2020, 22:06",10.3 hrs,1.516
keiozin,"Apr 11, 2020, 03:08",5.3 hrs,1.687
keiozin,"Apr 9, 2020, 18:27",7.5 hrs,1.898
keiozin,"Apr 8, 2020, 18:07",6.1 hrs,1.425
keiozin,"Apr 6, 2020, 18:32",7.5 hrs,2.565
keiozin,"Apr 5, 2020, 01:24",3.8 hrs,975
keiozin,"Apr 4, 2020, 14:18",5.9 hrs,3.549
keiozin,"Apr 3, 2020, 17:21",5.4 hrs,1.638
keiozin,"Apr 3, 2020, 12:19",3.6 hrs,953
keiozin,"Apr 2, 2020, 12:52",7.7 hrs,1.420
keiozin,"Apr 1, 2020, 10:08",7.4 hrs,1.288
keiozin,"Mar 31, 2020, 08:09",9.4 hrs,1.624
keiozin,"Mar 30, 2020, 09:22",8.0 hrs,2.034
keiozin,"Mar 29, 2020, 05:29",2.9 hrs,960
keiozin,"Mar 28, 2020, 13:39",5.4 hrs,1.379
keiozin,"Mar 28, 2020, 00:04",0.5 hrs,344
keiozin,"Mar 27, 2020, 22:55",0.3 hrs,223
keiozin,"Mar 25, 2020, 20:14",6.8 hrs,1.114
keiozin,"Mar 23, 2020, 23:10",8.1 hrs,884
keiozin,"Mar 15, 2020, 22:35",4.0 hrs,385
keiozin,"Mar 13, 2020, 22:45",1.8 hrs,246
keiozin,"Mar 6, 2020, 21:47",4.1 hrs,365
keiozin,"Feb 27, 2020, 01:44",6.7 hrs,448
keiozin,"Feb 26, 2020, 01:38",7.1 hrs,902
keiozin,"Feb 25, 2020, 04:05",5.2 hrs,967
keiozin,"Feb 24, 2020, 03:17",5.0 hrs,920
keiozin,"Feb 20, 2020, 18:10",4.7 hrs,588
keiozin,"Feb 17, 2020, 20:58",5.9 hrs,2.592
keiozin,"Feb 16, 2020, 20:44",5.2 hrs,541
keiozin,"Feb 15, 2020, 17:36",7.1 hrs,628
keiozin,"Feb 14, 2020, 10:53",4.0 hrs,423
keiozin,"Feb 12, 2020, 19:53",4.8 hrs,551
keiozin,"Feb 10, 2020, 05:05",10.2 hrs,582
keiozin,"Feb 9, 2020, 04:23",11.3 hrs,1.000
keiozin,"Feb 8, 2020, 02:34",11.8 hrs,7.801
keiozin,"Feb 5, 2020, 17:12",4.5 hrs,242
keiozin,"Feb 4, 2020, 17:53",7.2 hrs,444
keiozin,"Feb 3, 2020, 20:09",1.9 hrs,263
keiozin,"Feb 1, 2020, 16:03",4.0 hrs,240
keiozin,"Jan 31, 2020, 07:00",7.1 hrs,324
keiozin,"Jan 30, 2020, 10:06",5.3 hrs,400
keiozin,"Jan 29, 2020, 09:59",3.9 hrs,317
keiozin,"Jan 27, 2020, 06:04",6.0 hrs,299
keiozin,"Jan 25, 2020, 00:37",8.0 hrs,428
keiozin,"Jan 24, 2020, 06:23",0.8 hrs,244
keiozin,"Jan 23, 2020, 21:34",3.3 hrs,523
keiozin,"Jan 20, 2020, 03:42",4.4 hrs,850
keiozin,"Jan 18, 2020, 02:39",6.8 hrs,405
keiozin,"Jan 16, 2020, 20:51",5.5 hrs,551
keiozin,"Jan 15, 2020, 11:49",4.4 hrs,376
keiozin,"Jan 14, 2020, 10:47",5.3 hrs,430
keiozin,"Jan 10, 2020, 07:19",5.6 hrs,544
keiozin,"Jan 9, 2020, 04:27",10.8 hrs,1.149
keiozin,"Jan 8, 2020, 06:15",6.7 hrs,643
keiozin,"Jan 5, 2020, 00:58",1.9 hrs,96
keiozin,"Jan 4, 2020, 05:34",3.2 hrs,597
keiozin,"Jan 2, 2020, 18:12",8.0 hrs,763
keiozin,"Jan 1, 2020, 21:59",5.1 hrs,733
keiozin,"Dec 31, 2019, 16:58",3.9 hrs,588
keiozin,"Dec 30, 2019, 19:49",5.1 hrs,593
keiozin,"Dec 30, 2019, 12:42",4.2 hrs,486
keiozin,"Dec 28, 2019, 05:28",9.9 hrs,652
keiozin,"Dec 27, 2019, 03:45",8.3 hrs,794
keiozin,"Dec 26, 2019, 01:05",7.3 hrs,607
keiozin,"Dec 24, 2019, 00:13",6.7 hrs,666
keiozin,"Dec 23, 2019, 05:21",4.4 hrs,299
keiozin,"Dec 22, 2019, 03:21",4.7 hrs,411
keiozin,"Dec 19, 2019, 20:04",4.8 hrs,529
keiozin,"Dec 18, 2019, 01:39",7.3 hrs,2.423
keiozin,"Dec 17, 2019, 18:52",5.0 hrs,329
keiozin,"Dec 17, 2019, 02:08",3.1 hrs,301
keiozin,"Dec 10, 2019, 18:51",3.4 hrs,377
keiozin,"Dec 9, 2019, 16:48",5.8 hrs,566
keiozin,"Dec 8, 2019, 18:40",7.9 hrs,1.735
keiozin,"Dec 6, 2019, 22:09",3.1 hrs,456
keiozin,"Dec 2, 2019, 17:42",2.9 hrs,576
keiozin,"Dec 1, 2019, 21:30",1.9 hrs,175
keiozin,"Nov 30, 2019, 11:14",3.7 hrs,521
keiozin,"Nov 28, 2019, 15:54",4.3 hrs,636
keiozin,"Nov 28, 2019, 05:37",3.8 hrs,440
keiozin,"Nov 27, 2019, 02:35",5.0 hrs,432
keiozin,"Nov 24, 2019, 22:23",5.0 hrs,1.122
keiozin,"Nov 24, 2019, 00:57",4.5 hrs,693
keiozin,"Nov 23, 2019, 03:39",7.4 hrs,594
keiozin,"Nov 21, 2019, 23:27",2.5 hrs,423
keiozin,"Nov 16, 2019, 23:57",5.6 hrs,509
keiozin,"Nov 16, 2019, 00:28",5.6 hrs,766
keiozin,"Nov 14, 2019, 19:56",5.1 hrs,501
keiozin,"Nov 13, 2019, 16:41",4.0 hrs,661
keiozin,"Nov 11, 2019, 22:19",5.1 hrs,589
keiozin,"Nov 8, 2019, 15:08",4.1 hrs,522
keiozin,"Nov 7, 2019, 18:23",1.9 hrs,333
keiozin,"Nov 6, 2019, 17:01",4.9 hrs,380
keiozin,"Nov 5, 2019, 20:01",3.0 hrs,360
keiozin,"Oct 26, 2019, 01:45",5.0 hrs,454
keiozin,"Oct 25, 2019, 02:47",1.3 hrs,351
keiozin,"Oct 23, 2019, 18:23",4.5 hrs,279
keiozin,"Oct 16, 2019, 23:28",1.9 hrs,216
keiozin,"Oct 12, 2019, 04:55",8.0 hrs,538
keiozin,"Oct 10, 2019, 22:11",3.5 hrs,808
keiozin,"Oct 10, 2019, 02:08",2.8 hrs,224
keiozin,"Sep 27, 2019, 21:26",3.3 hrs,250
keiozin,"Sep 25, 2019, 00:08",1.8 hrs,258
keiozin,"Sep 23, 2019, 00:19",1.6 hrs,232
keiozin,"Sep 11, 2019, 22:22",1.9 hrs,229
keiozin,"Aug 15, 2019, 22:57",2.6 hrs,274
keiozin,"Jul 28, 2019, 04:51",3.9 hrs,333
keiozin,"Jul 21, 2019, 20:14",3.3 hrs,480
keiozin,"Jul 19, 2019, 21:22",2.0 hrs,226
keiozin,"Jul 18, 2019, 06:34",7.0 hrs,224
keiozin,"Jul 14, 2019, 20:08",6.1 hrs,596
keiozin,"Jul 11, 2019, 22:56",2.1 hrs,186
keiozin,"Jul 5, 2019, 02:26",7.0 hrs,782
keiozin,"Jun 19, 2019, 17:54",2.5 hrs,130
keiozin,"Jun 13, 2019, 21:01",0.4 hrs,65
keiozin,"Jun 8, 2019, 03:49",4.1 hrs,227
keiozin,"Jun 6, 2019, 22:00",3.6 hrs,144
keiozin,"Jun 2, 2019, 23:09",3.4 hrs,179
keiozin,"May 31, 2019, 20:08",4.6 hrs,195
keiozin,"May 31, 2019, 02:59",0.3 hrs,27
keiozin,"May 26, 2019, 05:01",2.5 hrs,71
keiozin,"May 11, 2019, 23:31",6.7 hrs,103
keiozin,"Apr 20, 2019, 01:51",6.4 hrs,187
keiozin,"Apr 19, 2019, 05:31",2.4 hrs,53
keiozin,"Apr 18, 2019, 19:06",2.5 hrs,60
keiozin,"Apr 12, 2019, 21:26",5.8 hrs,67
keiozin,"Apr 10, 2019, 23:33",5.0 hrs,44
keiozin,"Apr 6, 2019, 21:25",2.0 hrs,46
keiozin,"Mar 30, 2019, 23:06",2.6 hrs,67
keiozin,"Mar 28, 2019, 22:05",2.8 hrs,92
keiozin,"Mar 28, 2019, 05:17",0.6 hrs,36
keiozin,"Mar 25, 2019, 04:35",1.3 hrs,28
keiozin,"Mar 23, 2019, 21:44",4.5 hrs,85
keiozin,"Mar 18, 2019, 21:02",2.0 hrs,40
keiozin,"Mar 17, 2019, 04:18",3.6 hrs,52
keiozin,"Mar 16, 2019, 22:08",1.9 hrs,56
keiozin,"Mar 14, 2019, 21:36",3.5 hrs,42
keiozin,"Mar 9, 2019, 05:41",0.6 hrs,33
keiozin,"Mar 9, 2019, 01:02",2.5 hrs,47
keiozin,"Mar 8, 2019, 01:39",2.6 hrs,29
keiozin,"Mar 3, 2019, 23:07",0.5 hrs,10
keiozin,"Feb 28, 2019, 16:48",3.1 hrs,33
keiozin,"Feb 27, 2019, 22:06",2.5 hrs,45
keiozin,"Feb 26, 2019, 20:33",0.2 hrs,6
keiozin,"Feb 23, 2019, 13:29",1.3 hrs,17
keiozin,"Feb 22, 2019, 22:47",1.6 hrs,25
keiozin,"Feb 18, 2019, 08:27",0.9 hrs,24
keiozin,"Feb 17, 2019, 07:13",5.5 hrs,24
keiozin,"Feb 17, 2019, 04:18",0.1 hrs,6
keiozin,"Feb 14, 2019, 04:45",4.5 hrs,23
keiozin,"Feb 12, 2019, 02:32",3.5 hrs,22
keiozin,"Feb 11, 2019, 16:38",2.4 hrs,17
keiozin,"Feb 11, 2019, 03:21",2.2 hrs,16
keiozin,"Feb 9, 2019, 07:39",1.6 hrs,5
keiozin,"Feb 8, 2019, 21:30",0.6 hrs,7
keiozin,"Jan 16, 2019, 20:42",0.2 hrs,5
keiozin,"Jan 8, 2019, 12:15",1.3 hrs,8
keiozin,"Jan 7, 2019, 10:16",1.5 hrs,6
keiozin,"Jan 7, 2019, 01:44",3.5 hrs,21
keiozin,"Jan 5, 2019, 23:45",5.2 hrs,28
keiozin,"Jan 3, 2019, 06:54",0.7 hrs,10
keiozin,"Jan 2, 2019, 01:56",1.1 hrs,6
keiozin,"Dec 28, 2018, 10:41",4.0 hrs,11
keiozin,"Dec 25, 2018, 16:48",0.4 hrs,5
Hayashii,"Oct 18, 2020, 22:01",6.0 hrs,7.145
Hayashii,"Oct 17, 2020, 23:54",5.5 hrs,3.679
Hayashii,"Oct 16, 2020, 23:57",7.3 hrs,4.296
Hayashii,"Oct 16, 2020, 01:01",3.9 hrs,4.071
Hayashii,"Oct 15, 2020, 16:50",5.2 hrs,6.968
Hayashii,"Oct 14, 2020, 00:03",5.3 hrs,3.895
Hayashii,"Oct 12, 2020, 00:31",6.2 hrs,3.924
Hayashii,"Oct 11, 2020, 00:04",4.8 hrs,4.015
Hayashii,"Oct 10, 2020, 00:01",4.9 hrs,3.757
Hayashii,"Oct 9, 2020, 00:16",4.8 hrs,4.705
Hayashii,"Oct 8, 2020, 00:21",5.7 hrs,3.191
Hayashii,"Oct 6, 2020, 23:07",6.8 hrs,5.397
Hayashii,"Oct 5, 2020, 00:32",4.5 hrs,5.870
Hayashii,"Oct 4, 2020, 00:11",7.7 hrs,3.996
Hayashii,"Oct 3, 2020, 00:21",5.0 hrs,4.283
Hayashii,"Oct 2, 2020, 00:15",4.8 hrs,4.232
Hayashii,"Sep 30, 2020, 18:40",3.6 hrs,4.380
Hayashii,"Sep 30, 2020, 16:34",1.0 hrs,9.648
Hayashii,"Sep 29, 2020, 18:09",1.9 hrs,4.231
Hayashii,"Sep 28, 2020, 23:53",4.8 hrs,4.853
Hayashii,"Sep 28, 2020, 00:29",4.6 hrs,7.601
Hayashii,"Sep 26, 2020, 22:01",10.9 hrs,5.012
Hayashii,"Sep 26, 2020, 00:17",5.3 hrs,5.355
Hayashii,"Sep 25, 2020, 00:17",5.5 hrs,3.980
Hayashii,"Sep 24, 2020, 00:04",5.2 hrs,2.967
Hayashii,"Sep 21, 2020, 00:29",4.4 hrs,7.739
Hayashii,"Sep 20, 2020, 00:04",6.3 hrs,4.859
Hayashii,"Sep 18, 2020, 23:57",6.6 hrs,4.510
Hayashii,"Sep 18, 2020, 16:19",3.9 hrs,13.848
Hayashii,"Sep 18, 2020, 00:39",4.9 hrs,2.651
Hayashii,"Sep 17, 2020, 00:35",4.5 hrs,1.671
Hayashii,"Sep 16, 2020, 19:29",1.6 hrs,7.456
Hayashii,"Sep 16, 2020, 00:13",6.2 hrs,3.066
Hayashii,"Sep 14, 2020, 00:25",4.7 hrs,9.439
Hayashii,"Sep 13, 2020, 00:31",5.4 hrs,5.152
Hayashii,"Sep 12, 2020, 00:27",6.3 hrs,5.301
Hayashii,"Sep 9, 2020, 16:35",2.3 hrs,26.990
Hayashii,"Sep 9, 2020, 00:17",6.3 hrs,4.887
Hayashii,"Sep 8, 2020, 00:08",7.8 hrs,5.372
Hayashii,"Sep 7, 2020, 00:21",5.4 hrs,8.286
Hayashii,"Sep 6, 2020, 00:24",6.3 hrs,5.212
Hayashii,"Sep 5, 2020, 00:32",8.4 hrs,5.671
Hayashii,"Sep 4, 2020, 00:06",7.8 hrs,5.569
Hayashii,"Sep 3, 2020, 00:07",6.5 hrs,5.192
Hayashii,"Sep 2, 2020, 00:14",5.3 hrs,4.106
Hayashii,"Aug 31, 2020, 00:29",5.1 hrs,9.660
Hayashii,"Aug 29, 2020, 23:53",6.0 hrs,5.534
Hayashii,"Aug 29, 2020, 00:26",5.6 hrs,5.872
Hayashii,"Aug 28, 2020, 00:53",6.3 hrs,5.121
Hayashii,"Aug 27, 2020, 17:29",2.6 hrs,10.332
Hayashii,"Aug 26, 2020, 16:36",2.5 hrs,67.651
Hayashii,"Aug 26, 2020, 00:27",4.6 hrs,5.199
Hayashii,"Aug 24, 2020, 00:12",6.0 hrs,7.999
Hayashii,"Aug 23, 2020, 00:28",5.4 hrs,5.477
Hayashii,"Aug 22, 2020, 00:28",5.6 hrs,5.409
Hayashii,"Aug 21, 2020, 00:17",5.3 hrs,4.868
Hayashii,"Aug 19, 2020, 19:46",7.1 hrs,5.600
Hayashii,"Aug 17, 2020, 00:06",5.5 hrs,8.868
Hayashii,"Aug 16, 2020, 00:19",6.6 hrs,5.151
Hayashii,"Aug 15, 2020, 00:31",5.9 hrs,6.380
Hayashii,"Aug 14, 2020, 00:38",4.8 hrs,5.724
Hayashii,"Aug 13, 2020, 00:09",5.9 hrs,7.061
Hayashii,"Aug 12, 2020, 00:37",6.0 hrs,4.391
Hayashii,"Aug 10, 2020, 15:23",4.2 hrs,37.245
Hayashii,"Aug 10, 2020, 00:13",5.0 hrs,8.308
Hayashii,"Aug 9, 2020, 00:16",5.8 hrs,5.241
Hayashii,"Aug 8, 2020, 00:12",5.4 hrs,6.186
Hayashii,"Aug 7, 2020, 00:19",4.4 hrs,7.901
Hayashii,"Aug 6, 2020, 00:32",4.7 hrs,6.590
Hayashii,"Aug 5, 2020, 00:17",8.1 hrs,10.582
Hayashii,"Aug 3, 2020, 23:56",5.5 hrs,4.954
Hayashii,"Aug 2, 2020, 23:59",6.1 hrs,9.867
Hayashii,"Aug 2, 2020, 00:13",7.0 hrs,7.277
Hayashii,"Jul 31, 2020, 22:59",7.1 hrs,15.393
Hayashii,"May 31, 2018, 01:00",5.7 hrs,1.984
Hayashii,"May 29, 2018, 23:51",5.7 hrs,1.742
Hayashii,"May 27, 2018, 23:57",6.0 hrs,1.854
Hayashii,"May 27, 2018, 00:25",6.5 hrs,2.365
Hayashii,"May 26, 2018, 00:02",6.9 hrs,2.431
Hayashii,"May 24, 2018, 23:39",7.9 hrs,2.232
hastad,"Oct 17, 2020, 18:51",2.9 hrs,2.250
hastad,"Oct 16, 2020, 13:35",8.3 hrs,3.238
hastad,"Oct 15, 2020, 13:26",10.5 hrs,3.619
hastad,"Oct 14, 2020, 13:00",8.7 hrs,3.455
hastad,"Oct 13, 2020, 16:48",7.6 hrs,4.390
hastad,"Oct 12, 2020, 13:03",9.2 hrs,3.037
hastad,"Oct 11, 2020, 18:28",2.9 hrs,2.136
hastad,"Oct 10, 2020, 13:23",11.3 hrs,2.388
hastad,"Oct 9, 2020, 13:34",7.8 hrs,2.889
hastad,"Oct 8, 2020, 12:20",12.6 hrs,4.447
hastad,"Oct 7, 2020, 12:25",11.5 hrs,3.397
hastad,"Oct 6, 2020, 12:39",15.3 hrs,3.959
hastad,"Oct 3, 2020, 13:12",9.0 hrs,3.450
hastad,"Oct 2, 2020, 12:35",12.3 hrs,3.596
hastad,"Oct 1, 2020, 14:14",9.7 hrs,4.035
hastad,"Sep 30, 2020, 13:11",15.1 hrs,3.910
hastad,"Sep 29, 2020, 12:34",11.3 hrs,4.687
hastad,"Sep 28, 2020, 12:46",9.8 hrs,4.489
hastad,"Sep 27, 2020, 16:24",5.8 hrs,3.158
hastad,"Sep 26, 2020, 12:36",10.6 hrs,3.681
hastad,"Sep 25, 2020, 12:07",10.9 hrs,4.594
hastad,"Sep 24, 2020, 19:47",4.8 hrs,3.405
hastad,"Sep 22, 2020, 12:18",10.3 hrs,5.430
hastad,"Sep 21, 2020, 13:35",8.7 hrs,6.319
hastad,"Sep 20, 2020, 12:58",8.9 hrs,5.806
hastad,"Sep 19, 2020, 12:56",12.0 hrs,5.069
hastad,"Sep 18, 2020, 12:01",10.6 hrs,5.261
hastad,"Sep 17, 2020, 12:11",10.6 hrs,5.268
hastad,"Sep 16, 2020, 12:43",10.2 hrs,5.977
hastad,"Sep 15, 2020, 12:13",12.5 hrs,5.411
hastad,"Sep 14, 2020, 12:25",12.2 hrs,5.638
hastad,"Sep 12, 2020, 12:02",11.4 hrs,5.249
hastad,"Sep 11, 2020, 11:51",10.4 hrs,5.316
hastad,"Sep 10, 2020, 12:17",10.1 hrs,6.291
hastad,"Sep 9, 2020, 11:29",10.4 hrs,5.132
hastad,"Sep 8, 2020, 10:14",11.3 hrs,5.142
hastad,"Sep 7, 2020, 20:32",5.9 hrs,1.945
hastad,"Sep 5, 2020, 12:15",12.0 hrs,3.713
hastad,"Sep 4, 2020, 11:19",13.1 hrs,3.812
hastad,"Sep 3, 2020, 12:05",13.2 hrs,3.520
hastad,"Sep 2, 2020, 12:26",9.5 hrs,4.099
hastad,"Sep 1, 2020, 18:39",3.9 hrs,2.086
hastad,"Sep 1, 2020, 12:25",5.7 hrs,3.076
hastad,"Aug 31, 2020, 12:08",12.8 hrs,4.639
hastad,"Aug 29, 2020, 11:53",11.8 hrs,3.250
hastad,"Aug 28, 2020, 18:09",4.3 hrs,1.944
hastad,"Aug 28, 2020, 14:41",2.2 hrs,3.170
hastad,"Aug 27, 2020, 14:10",10.2 hrs,3.312
hastad,"Aug 26, 2020, 12:27",12.4 hrs,3.935
hastad,"Aug 25, 2020, 14:27",8.1 hrs,4.351
hastad,"Aug 24, 2020, 14:05",11.0 hrs,3.838
hastad,"Aug 22, 2020, 14:00",10.4 hrs,3.758
hastad,"Aug 21, 2020, 14:01",11.9 hrs,3.804
hastad,"Aug 21, 2020, 00:32",1.7 hrs,3.273
hastad,"Aug 20, 2020, 12:03",12.0 hrs,3.844
hastad,"Aug 19, 2020, 10:16",13.1 hrs,3.737
hastad,"Aug 18, 2020, 12:13",10.7 hrs,4.002
hastad,"Aug 17, 2020, 12:36",10.1 hrs,3.708
hastad,"Aug 15, 2020, 13:46",9.3 hrs,3.364
hastad,"Aug 14, 2020, 12:41",9.7 hrs,4.022
hastad,"Aug 13, 2020, 12:37",11.4 hrs,3.530
hastad,"Aug 12, 2020, 12:22",10.2 hrs,4.415
hastad,"Aug 11, 2020, 13:56",10.0 hrs,3.995
hastad,"Aug 10, 2020, 12:59",10.6 hrs,3.960
hastad,"Aug 9, 2020, 17:59",6.8 hrs,4.575
hastad,"Aug 9, 2020, 13:11",4.0 hrs,2.652
hastad,"Aug 7, 2020, 12:54",10.2 hrs,4.592
hastad,"Aug 6, 2020, 12:42",11.2 hrs,4.926
hastad,"Aug 5, 2020, 12:31",12.2 hrs,4.847
hastad,"Aug 4, 2020, 15:56",8.3 hrs,5.385
hastad,"Aug 3, 2020, 12:44",10.7 hrs,9.957
hastad,"Aug 2, 2020, 12:24",12.7 hrs,3.798
hastad,"Aug 1, 2020, 09:19",12.4 hrs,3.950
hastad,"Jul 31, 2020, 17:26",7.0 hrs,2.372
hastad,"Jul 30, 2020, 12:11",13.4 hrs,3.594
hastad,"Jul 29, 2020, 12:01",11.1 hrs,2.706
hastad,"Jul 28, 2020, 12:49",11.9 hrs,5.170
hastad,"Jul 27, 2020, 13:46",9.5 hrs,3.793
hastad,"Jul 26, 2020, 12:19",14.1 hrs,3.494
hastad,"Jul 25, 2020, 13:42",9.6 hrs,4.838
hastad,"Jul 24, 2020, 13:49",14.9 hrs,3.614
hastad,"Jul 23, 2020, 12:34",12.0 hrs,3.233
hastad,"Jul 22, 2020, 14:09",10.8 hrs,3.820
hastad,"Jul 21, 2020, 12:05",11.0 hrs,3.267
hastad,"Jul 20, 2020, 13:16",10.3 hrs,4.324
hastad,"Jul 19, 2020, 11:35",10.8 hrs,4.587
hastad,"Jul 18, 2020, 11:04",11.8 hrs,4.223
hastad,"Jul 17, 2020, 13:02",7.2 hrs,3.457
hastad,"Jul 16, 2020, 11:50",11.7 hrs,3.048
hastad,"Jul 15, 2020, 10:55",12.9 hrs,3.948
hastad,"Jul 14, 2020, 15:32",10.5 hrs,3.065
hastad,"Jul 13, 2020, 11:26",13.3 hrs,3.637
hastad,"Jul 12, 2020, 10:35",11.2 hrs,4.676
hastad,"Jul 11, 2020, 11:50",12.7 hrs,3.170
hastad,"Jul 10, 2020, 11:52",5.7 hrs,2.461
hastad,"Jul 9, 2020, 12:08",13.1 hrs,2.633
hastad,"Jul 8, 2020, 11:36",12.6 hrs,2.803
hastad,"Jul 7, 2020, 12:08",12.8 hrs,2.858
hastad,"Jul 6, 2020, 10:55",14.0 hrs,3.451
hastad,"Jul 5, 2020, 15:19",8.3 hrs,2.416
hastad,"Jul 4, 2020, 12:46",14.0 hrs,3.298
hastad,"Jul 3, 2020, 12:41",11.6 hrs,2.247
hastad,"Jul 2, 2020, 11:37",11.6 hrs,3.190
hastad,"Jul 1, 2020, 12:18",11.3 hrs,2.508
hastad,"Jun 30, 2020, 11:00",12.9 hrs,3.275
hastad,"Jun 28, 2020, 13:37",14.9 hrs,2.695
hastad,"Jun 27, 2020, 12:01",12.2 hrs,3.025
hastad,"Jun 26, 2020, 12:28",8.3 hrs,2.461
hastad,"Jun 25, 2020, 14:01",13.7 hrs,1.991
hastad,"Jun 24, 2020, 13:08",12.8 hrs,2.194
hastad,"Jun 23, 2020, 13:19",9.9 hrs,2.349
hastad,"Jun 22, 2020, 12:17",14.4 hrs,2.298
hastad,"Jun 21, 2020, 11:10",11.9 hrs,3.959
hastad,"Jun 20, 2020, 11:32",12.9 hrs,1.496
hastad,"Jun 19, 2020, 11:25",11.8 hrs,1.916
hastad,"Jun 18, 2020, 11:26",12.0 hrs,1.494
hastad,"Jun 17, 2020, 11:15",11.2 hrs,1.639
hastad,"Jun 16, 2020, 14:18",10.6 hrs,1.802
hastad,"Jun 15, 2020, 19:10",2.4 hrs,855
hastad,"Jun 15, 2020, 12:59",5.9 hrs,1.876
hastad,"Jun 14, 2020, 12:47",10.9 hrs,1.330
hastad,"Jun 13, 2020, 12:55",13.0 hrs,2.171
hastad,"Jun 12, 2020, 12:32",10.7 hrs,3.347
hastad,"Jun 11, 2020, 10:32",12.5 hrs,1.875
hastad,"Jun 10, 2020, 13:09",9.8 hrs,1.045
hastad,"Jun 9, 2020, 12:07",10.8 hrs,1.673
hastad,"Jun 8, 2020, 12:34",10.3 hrs,1.415
hastad,"Jun 7, 2020, 11:26",13.0 hrs,1.478
hastad,"Jun 6, 2020, 11:19",10.9 hrs,1.043
hastad,"Jun 5, 2020, 11:24",10.5 hrs,1.663
hastad,"Jun 4, 2020, 16:56",5.8 hrs,1.659
hastad,"Jun 4, 2020, 12:47",3.6 hrs,1.841
hastad,"Jun 3, 2020, 11:13",7.8 hrs,1.890
hastad,"Jun 2, 2020, 09:54",8.8 hrs,1.718
hastad,"Jun 1, 2020, 11:43",9.0 hrs,3.426
hastad,"May 31, 2020, 09:24",8.7 hrs,1.278
hastad,"May 30, 2020, 13:54",8.7 hrs,2.106
hastad,"May 29, 2020, 14:56",5.5 hrs,1.106
hastad,"May 28, 2020, 14:23",8.7 hrs,1.292
hastad,"May 27, 2020, 09:16",8.8 hrs,1.857
hastad,"May 25, 2020, 11:39",8.4 hrs,1.545
hastad,"May 24, 2020, 18:00",5.1 hrs,907
hastad,"May 23, 2020, 10:41",7.7 hrs,1.676
hastad,"May 22, 2020, 20:19",2.1 hrs,1.239
hastad,"May 22, 2020, 10:20",5.1 hrs,1.857
hastad,"May 21, 2020, 16:17",6.1 hrs,1.822
hastad,"May 14, 2020, 08:13",6.5 hrs,5.336
hastad,"May 13, 2020, 09:56",8.3 hrs,10.888
hastad,"May 12, 2020, 09:42",5.7 hrs,6.000
hastad,"May 11, 2020, 09:08",7.6 hrs,7.204
hastad,"May 10, 2020, 12:22",3.0 hrs,3.423
hastad,"May 7, 2020, 07:00",13.1 hrs,9.675
hastad,"May 6, 2020, 06:55",14.2 hrs,8.995
hastad,"May 5, 2020, 16:38",5.6 hrs,2.545
hastad,"May 5, 2020, 07:45",5.3 hrs,1.484
hastad,"May 4, 2020, 10:40",11.6 hrs,3.838
hastad,"May 3, 2020, 08:21",6.9 hrs,3.632
hastad,"May 2, 2020, 07:45",16.6 hrs,2.882
hastad,"May 1, 2020, 07:13",14.8 hrs,3.092
hastad,"Apr 30, 2020, 17:10",6.9 hrs,2.002
hastad,"Apr 20, 2020, 10:12",11.0 hrs,5.284
hastad,"Apr 18, 2020, 23:15",8.3 hrs,2.626
hastad,"Apr 16, 2020, 22:47",5.6 hrs,2.881
hastad,"Apr 16, 2020, 08:39",3.3 hrs,884
hastad,"Apr 15, 2020, 20:13",5.7 hrs,1.340
hastad,"Apr 14, 2020, 21:08",4.9 hrs,1.896
hastad,"Apr 14, 2020, 00:40",8.4 hrs,2.168
hastad,"Apr 13, 2020, 03:28",2.6 hrs,1.748
hastad,"Apr 12, 2020, 11:37",4.3 hrs,2.886
hastad,"Apr 11, 2020, 10:39",6.4 hrs,1.713
hastad,"Apr 10, 2020, 23:29",4.8 hrs,2.123
hastad,"Apr 9, 2020, 17:24",5.8 hrs,2.201
hastad,"Apr 8, 2020, 03:17",9.9 hrs,856
hastad,"Apr 7, 2020, 00:35",12.7 hrs,550
hastad,"Apr 6, 2020, 01:57",7.3 hrs,2.669
hastad,"Apr 4, 2020, 20:25",2.3 hrs,870
hastad,"Apr 3, 2020, 17:31",16.1 hrs,1.443
hastad,"Apr 3, 2020, 04:24",5.2 hrs,1.210
hastad,"Apr 2, 2020, 18:26",2.3 hrs,832
hastad,"Apr 1, 2020, 12:20",6.3 hrs,1.699
hastad,"Mar 31, 2020, 19:12",7.5 hrs,2.658
hastad,"Mar 31, 2020, 05:37",2.6 hrs,612
hastad,"Mar 30, 2020, 07:32",6.7 hrs,1.790
hastad,"Mar 29, 2020, 23:11",1.2 hrs,394
hastad,"Mar 28, 2020, 23:05",11.8 hrs,2.570
hastad,"Mar 27, 2020, 19:39",9.8 hrs,1.192
hastad,"Mar 27, 2020, 00:21",8.6 hrs,1.126
hastad,"Mar 25, 2020, 15:01",20.9 hrs,1.565
hastad,"Mar 24, 2020, 06:06",7.3 hrs,834
hastad,"Mar 23, 2020, 19:53",2.4 hrs,672
hastad,"Mar 22, 2020, 21:59",13.4 hrs,1.139
hastad,"Mar 21, 2020, 22:11",12.4 hrs,1.241
hastad,"Mar 20, 2020, 22:07",3.3 hrs,651
hastad,"Mar 20, 2020, 15:16",0.3 hrs,899
hastad,"Mar 19, 2020, 22:11",5.7 hrs,2.188
hastad,"Mar 18, 2020, 19:14",21.0 hrs,1.529
hastad,"Mar 14, 2020, 18:38",5.8 hrs,635
hastad,"Mar 13, 2020, 13:32",6.7 hrs,1.203
hastad,"Mar 12, 2020, 21:23",5.3 hrs,1.846
hastad,"Mar 11, 2020, 22:16",6.3 hrs,1.793
hastad,"Mar 7, 2020, 21:29",5.3 hrs,1.383
hastad,"Mar 7, 2020, 00:17",4.1 hrs,2.028
hastad,"Mar 5, 2020, 02:48",6.4 hrs,806
hastad,"Feb 28, 2020, 18:03",11.0 hrs,3.264
hastad,"Feb 27, 2020, 18:57",8.1 hrs,3.196
hastad,"Feb 27, 2020, 01:01",2.4 hrs,1.520
hastad,"Feb 26, 2020, 04:28",5.9 hrs,2.066
hastad,"Feb 25, 2020, 18:22",7.0 hrs,3.115
hastad,"Feb 24, 2020, 15:00",6.4 hrs,4.784
hastad,"Feb 21, 2020, 22:58",2.3 hrs,3.640
hastad,"Feb 20, 2020, 20:10",5.4 hrs,3.736
hastad,"Feb 19, 2020, 19:33",4.8 hrs,3.488
hastad,"Feb 17, 2020, 20:59",1.1 hrs,1.504
hastad,"Feb 16, 2020, 20:12",1.2 hrs,2.522
hastad,"Feb 15, 2020, 20:49",5.6 hrs,4.155
hastad,"Feb 14, 2020, 18:06",9.6 hrs,3.900
hastad,"Feb 13, 2020, 16:22",9.0 hrs,5.924
hastad,"Feb 12, 2020, 16:11",9.7 hrs,5.938
hastad,"Feb 11, 2020, 14:56",13.0 hrs,3.753
hastad,"Jul 19, 2019, 19:16",4.6 hrs,1.806
hastad,"Jul 13, 2019, 14:42",9.2 hrs,2.752
hastad,"Jul 10, 2019, 19:59",1.8 hrs,1.337
hastad,"Jun 29, 2019, 21:02",2.5 hrs,2.232
hastad,"Jun 13, 2019, 20:42",1.5 hrs,3.794
hastad,"Jun 12, 2019, 20:51",4.0 hrs,4.569
hastad,"May 21, 2019, 22:08",3.9 hrs,4.932
hastad,"May 20, 2019, 19:37",8.8 hrs,7.428
hastad,"May 16, 2019, 20:48",4.6 hrs,3.490
hastad,"May 13, 2019, 20:46",2.5 hrs,1.539
hastad,"May 12, 2019, 23:06",2.0 hrs,6.361
hastad,"May 6, 2019, 20:37",8.8 hrs,3.287
hastad,"May 4, 2019, 03:54",3.7 hrs,5.755
hastad,"Jun 8, 2018, 15:30",10.6 hrs,8.045
hastad,"Jun 7, 2018, 19:19",2.3 hrs,1.150
hastad,"Jun 7, 2018, 02:13",4.0 hrs,914
hastad,"Jun 6, 2018, 13:42",8.9 hrs,2.090
hastad,"Jun 5, 2018, 16:23",9.3 hrs,3.268
hastad,"Jun 5, 2018, 03:03",5.3 hrs,2.337
hastad,"Jun 4, 2018, 20:47",4.5 hrs,2.124
hastad,"Jun 3, 2018, 19:59",11.4 hrs,4.920
boltz,"Oct 18, 2020, 23:53",8.5 hrs,8.990
boltz,"Oct 17, 2020, 23:59",6.1 hrs,7.180
boltz,"Oct 17, 2020, 00:07",8.4 hrs,4.287
boltz,"Oct 15, 2020, 00:43",7.7 hrs,6.850
boltz,"Oct 13, 2020, 23:57",7.6 hrs,3.390
boltz,"Oct 13, 2020, 00:17",5.8 hrs,5.588
boltz,"Oct 12, 2020, 00:25",6.2 hrs,4.482
boltz,"Oct 11, 2020, 00:13",6.2 hrs,4.228
boltz,"Oct 10, 2020, 00:29",6.6 hrs,4.398
boltz,"Oct 9, 2020, 00:10",6.6 hrs,3.732
boltz,"Oct 6, 2020, 00:09",5.1 hrs,7.418
boltz,"Oct 4, 2020, 00:10",5.7 hrs,3.249
boltz,"Oct 3, 2020, 00:57",5.5 hrs,3.156
boltz,"Oct 1, 2020, 23:38",5.6 hrs,5.518
boltz,"Oct 1, 2020, 00:07",5.5 hrs,4.892
boltz,"Sep 29, 2020, 00:50",5.2 hrs,5.639
boltz,"Sep 28, 2020, 00:27",6.8 hrs,6.509
boltz,"Sep 26, 2020, 23:12",6.9 hrs,5.986
boltz,"Sep 25, 2020, 00:01",5.9 hrs,5.001
boltz,"Sep 22, 2020, 23:41",6.2 hrs,5.072
boltz,"Sep 19, 2020, 21:43",2.5 hrs,4.893
boltz,"Sep 18, 2020, 23:48",4.9 hrs,3.370
boltz,"Sep 18, 2020, 00:11",4.5 hrs,3.321
boltz,"Sep 17, 2020, 00:12",4.4 hrs,4.844
boltz,"Sep 15, 2020, 01:16",3.5 hrs,6.347
boltz,"Sep 14, 2020, 00:06",4.5 hrs,3.912
boltz,"Sep 12, 2020, 23:41",5.2 hrs,4.192
boltz,"Sep 11, 2020, 23:24",6.3 hrs,3.607
boltz,"Sep 10, 2020, 23:46",5.6 hrs,4.274
boltz,"Sep 10, 2020, 00:01",5.2 hrs,4.038
boltz,"Sep 7, 2020, 23:13",6.3 hrs,4.782
boltz,"Sep 6, 2020, 23:07",6.1 hrs,4.542
boltz,"Sep 6, 2020, 00:22",5.4 hrs,4.826
boltz,"Sep 4, 2020, 23:17",5.6 hrs,4.151
boltz,"Sep 3, 2020, 23:06",5.6 hrs,4.892
boltz,"Sep 1, 2020, 23:48",5.6 hrs,4.839
boltz,"Aug 31, 2020, 00:00",6.9 hrs,6.772
boltz,"Aug 30, 2020, 00:04",5.0 hrs,4.370
boltz,"Aug 28, 2020, 23:43",5.7 hrs,3.560
boltz,"Aug 27, 2020, 23:43",6.2 hrs,4.509
boltz,"Aug 25, 2020, 23:21",4.5 hrs,4.772
boltz,"Aug 24, 2020, 23:33",5.5 hrs,5.283
boltz,"Aug 24, 2020, 00:04",5.3 hrs,4.688
boltz,"Aug 22, 2020, 23:45",5.8 hrs,3.813
boltz,"Aug 22, 2020, 00:31",4.5 hrs,4.214
boltz,"Aug 20, 2020, 00:28",4.9 hrs,4.660
boltz,"Aug 18, 2020, 23:39",4.9 hrs,5.081
boltz,"Aug 17, 2020, 23:12",6.2 hrs,5.453
boltz,"Aug 17, 2020, 00:24",5.3 hrs,4.140
boltz,"Aug 15, 2020, 00:01",5.5 hrs,5.094
boltz,"Aug 14, 2020, 00:32",4.4 hrs,4.855
boltz,"Aug 13, 2020, 00:56",5.0 hrs,4.223
boltz,"Aug 12, 2020, 00:34",5.0 hrs,5.609
boltz,"Aug 11, 2020, 00:49",4.4 hrs,5.438
boltz,"Aug 8, 2020, 23:44",6.3 hrs,4.668
boltz,"Aug 8, 2020, 00:56",4.6 hrs,4.600
boltz,"Aug 7, 2020, 00:30",4.9 hrs,5.101
boltz,"Aug 5, 2020, 00:58",2.9 hrs,5.739
boltz,"Aug 4, 2020, 00:33",5.0 hrs,7.012
boltz,"Aug 3, 2020, 00:26",5.5 hrs,5.870
boltz,"Aug 1, 2020, 00:34",4.3 hrs,4.453
boltz,"Jul 30, 2020, 23:48",4.3 hrs,5.255
boltz,"Jul 29, 2020, 23:43",5.5 hrs,5.677
boltz,"Jul 29, 2020, 00:02",4.9 hrs,5.349
boltz,"Jul 28, 2020, 01:32",4.0 hrs,4.468
boltz,"Jul 27, 2020, 00:49",5.3 hrs,5.041
boltz,"Jul 26, 2020, 01:08",4.9 hrs,4.464
boltz,"Jul 25, 2020, 00:25",6.0 hrs,5.538
boltz,"Jul 24, 2020, 01:06",4.8 hrs,4.827
boltz,"Jul 22, 2020, 01:40",2.9 hrs,5.204
boltz,"Jul 21, 2020, 00:35",4.7 hrs,5.762
boltz,"Jul 20, 2020, 00:39",5.6 hrs,8.135
boltz,"Jul 18, 2020, 00:37",3.0 hrs,4.853
boltz,"Jul 17, 2020, 00:32",4.7 hrs,5.576
boltz,"Jul 16, 2020, 00:07",6.0 hrs,7.801
boltz,"Jul 14, 2020, 21:41",6.9 hrs,4.887
boltz,"Jul 13, 2020, 23:42",6.0 hrs,6.470
boltz,"Jul 13, 2020, 01:09",4.6 hrs,7.980
boltz,"Jul 12, 2020, 00:45",4.8 hrs,9.867
boltz,"Jul 10, 2020, 00:09",4.3 hrs,10.336
boltz,"Jul 9, 2020, 00:25",5.0 hrs,4.646
boltz,"Jul 7, 2020, 23:48",6.4 hrs,6.723
boltz,"Jul 7, 2020, 00:03",5.8 hrs,8.787
boltz,"Jul 6, 2020, 00:02",5.9 hrs,9.917
boltz,"Jul 5, 2020, 00:31",6.0 hrs,6.470
boltz,"Jul 3, 2020, 22:31",5.9 hrs,4.602
boltz,"Jul 3, 2020, 00:15",7.3 hrs,4.823
boltz,"Jul 1, 2020, 23:58",6.1 hrs,7.247
boltz,"Jul 1, 2020, 00:34",6.0 hrs,4.467
boltz,"Jun 29, 2020, 23:40",4.9 hrs,5.145
boltz,"Jun 29, 2020, 01:59",4.3 hrs,2.994
boltz,"Jun 27, 2020, 00:14",5.3 hrs,6.639
boltz,"Jun 26, 2020, 01:43",4.0 hrs,6.022
boltz,"Jun 25, 2020, 00:53",5.3 hrs,5.934
boltz,"Jun 24, 2020, 03:44",3.0 hrs,5.138
boltz,"Jun 22, 2020, 01:05",4.7 hrs,5.017
boltz,"Jun 21, 2020, 18:44",1.8 hrs,3.072
boltz,"Jun 21, 2020, 01:38",2.9 hrs,4.811
boltz,"Jun 20, 2020, 00:58",5.3 hrs,5.009
boltz,"Jun 19, 2020, 01:17",5.3 hrs,6.451
boltz,"Jun 17, 2020, 23:37",1.0 hrs,1.861
boltz,"Jun 17, 2020, 01:30",2.2 hrs,8.407
boltz,"Jun 16, 2020, 00:18",5.8 hrs,6.190
boltz,"Jun 15, 2020, 02:47",2.3 hrs,4.414
boltz,"Jun 11, 2020, 18:03",2.4 hrs,3.066
boltz,"Jun 10, 2020, 02:49",3.1 hrs,2.984
boltz,"Jun 9, 2020, 00:58",3.9 hrs,4.542
boltz,"Jun 7, 2020, 00:39",5.9 hrs,4.615
boltz,"Jun 6, 2020, 00:53",4.8 hrs,5.008
boltz,"Jun 4, 2020, 01:33",4.8 hrs,4.528
boltz,"Jun 3, 2020, 00:28",4.9 hrs,3.800
boltz,"Jun 2, 2020, 01:16",4.8 hrs,5.764
boltz,"Jun 1, 2020, 00:05",4.0 hrs,5.937
boltz,"May 31, 2020, 00:38",5.4 hrs,7.797
boltz,"May 30, 2020, 00:45",4.2 hrs,4.949
boltz,"May 29, 2020, 00:48",0.1 hrs,241
boltz,"May 28, 2020, 00:14",5.2 hrs,5.562
boltz,"May 27, 2020, 02:00",3.7 hrs,5.742
boltz,"May 25, 2020, 00:43",6.2 hrs,4.830
boltz,"May 24, 2020, 01:05",3.1 hrs,2.582
boltz,"May 23, 2020, 00:13",6.8 hrs,3.907
boltz,"May 21, 2020, 02:14",3.5 hrs,3.492
boltz,"May 20, 2020, 01:43",5.7 hrs,4.757
boltz,"May 19, 2020, 01:32",3.4 hrs,4.568
boltz,"May 17, 2020, 02:25",4.5 hrs,2.546
boltz,"May 16, 2020, 03:01",3.0 hrs,2.930
boltz,"May 15, 2020, 01:02",5.2 hrs,7.203
boltz,"May 14, 2020, 01:33",4.2 hrs,3.857
boltz,"May 13, 2020, 01:50",4.9 hrs,3.955
boltz,"May 11, 2020, 23:47",6.8 hrs,4.274
boltz,"May 10, 2020, 00:49",6.3 hrs,2.418
boltz,"May 8, 2020, 03:18",4.4 hrs,2.937
boltz,"May 7, 2020, 02:00",4.9 hrs,2.165
boltz,"May 6, 2020, 01:26",5.0 hrs,2.766
boltz,"May 3, 2020, 22:24",4.7 hrs,3.757
boltz,"May 3, 2020, 01:03",6.2 hrs,2.949
boltz,"May 2, 2020, 01:09",6.1 hrs,3.021
boltz,"May 1, 2020, 00:02",5.4 hrs,2.681
boltz,"Apr 30, 2020, 01:47",5.6 hrs,2.793
boltz,"Apr 29, 2020, 01:54",6.0 hrs,2.033
boltz,"Apr 28, 2020, 01:15",5.0 hrs,3.326
boltz,"Apr 27, 2020, 00:54",5.8 hrs,3.542
boltz,"Apr 24, 2020, 01:03",4.5 hrs,1.855
boltz,"Apr 20, 2020, 01:46",5.0 hrs,1.878
boltz,"Apr 18, 2020, 01:51",4.0 hrs,1.156
boltz,"Apr 17, 2020, 02:33",4.7 hrs,1.611
boltz,"Apr 16, 2020, 01:41",3.7 hrs,1.000
boltz,"Apr 10, 2020, 02:04",5.7 hrs,1.173
boltz,"Apr 8, 2020, 03:09",4.4 hrs,1.322
boltz,"Apr 4, 2020, 02:01",5.0 hrs,1.407
boltz,"Apr 3, 2020, 01:08",6.4 hrs,1.327
boltz,"Apr 1, 2020, 03:42",2.5 hrs,504
boltz,"Mar 31, 2020, 00:48",4.4 hrs,1.011
boltz,"Mar 30, 2020, 00:59",6.4 hrs,1.838
boltz,"Mar 29, 2020, 05:02",2.9 hrs,552
boltz,"Mar 28, 2020, 02:23",4.5 hrs,588
boltz,"Mar 27, 2020, 03:57",0.6 hrs,135
boltz,"Nov 11, 2019, 04:18",1.9 hrs,380
boltz,"Oct 29, 2019, 02:47",2.8 hrs,656
boltz,"Oct 28, 2019, 00:56",4.3 hrs,1.340
boltz,"Oct 25, 2019, 04:25",0.3 hrs,248
boltz,"Sep 25, 2019, 03:36",2.0 hrs,654
boltz,"Aug 25, 2019, 03:18",6.8 hrs,1.051
boltz,"Aug 23, 2019, 03:04",6.5 hrs,1.341
boltz,"Aug 22, 2019, 05:42",2.4 hrs,653
boltz,"Nov 30, 2018, 16:36",1.5 hrs,1.656
boltz,"Nov 10, 2018, 17:55",8.0 hrs,4.988
boltz,"Oct 31, 2018, 22:44",2.7 hrs,1.732
boltz,"Oct 30, 2018, 03:11",3.7 hrs,2.454
boltz,"Oct 30, 2018, 00:42",1.0 hrs,2.130
boltz,"Oct 10, 2018, 02:08",3.1 hrs,1.982
boltz,"Sep 29, 2018, 20:08",4.3 hrs,2.091
boltz,"Sep 29, 2018, 04:18",1.6 hrs,776
boltz,"Sep 28, 2018, 02:48",2.8 hrs,1.456
boltz,"Sep 26, 2018, 03:20",2.2 hrs,1.364
boltz,"Aug 31, 2018, 04:41",1.7 hrs,2.160
boltz,"Aug 28, 2018, 03:08",2.6 hrs,2.555
boltz,"Aug 27, 2018, 01:56",2.1 hrs,2.628
boltz,"Aug 21, 2018, 03:06",2.5 hrs,1.978
boltz,"Jul 31, 2018, 01:49",3.9 hrs,5.158
pijack11,"Oct 18, 2020, 20:10",10.4 hrs,4.651
pijack11,"Oct 17, 2020, 21:29",9.3 hrs,4.420
pijack11,"Oct 16, 2020, 20:52",11.0 hrs,4.466
pijack11,"Oct 15, 2020, 21:16",9.8 hrs,3.582
pijack11,"Oct 14, 2020, 20:34",10.5 hrs,4.855
pijack11,"Oct 13, 2020, 21:21",10.9 hrs,5.872
pijack11,"Oct 11, 2020, 21:26",10.6 hrs,4.709
pijack11,"Oct 10, 2020, 19:26",12.0 hrs,3.423
pijack11,"Oct 9, 2020, 20:42",9.0 hrs,3.754
pijack11,"Oct 8, 2020, 20:39",9.6 hrs,5.185
pijack11,"Oct 7, 2020, 20:59",7.6 hrs,3.322
pijack11,"Oct 6, 2020, 20:58",9.6 hrs,3.701
pijack11,"Oct 4, 2020, 20:17",10.9 hrs,5.348
pijack11,"Oct 3, 2020, 20:36",11.6 hrs,8.068
pijack11,"Oct 2, 2020, 20:34",9.7 hrs,4.607
pijack11,"Oct 1, 2020, 20:03",11.0 hrs,6.223
pijack11,"Sep 30, 2020, 20:13",10.5 hrs,3.058
pijack11,"Sep 29, 2020, 20:33",9.7 hrs,3.422
pijack11,"Sep 27, 2020, 21:19",9.1 hrs,5.871
pijack11,"Sep 26, 2020, 21:08",9.8 hrs,4.030
pijack11,"Sep 25, 2020, 21:19",8.6 hrs,4.059
pijack11,"Sep 24, 2020, 20:55",8.0 hrs,3.775
pijack11,"Sep 23, 2020, 20:30",9.6 hrs,4.949
pijack11,"Sep 22, 2020, 20:57",10.8 hrs,4.502
pijack11,"Sep 21, 2020, 21:51",8.6 hrs,4.968
pijack11,"Sep 17, 2020, 21:37",7.1 hrs,3.912
pijack11,"Sep 16, 2020, 21:26",9.6 hrs,5.304
pijack11,"Sep 15, 2020, 20:55",10.0 hrs,7.609
pijack11,"Sep 14, 2020, 21:33",9.3 hrs,5.721
pijack11,"Sep 13, 2020, 21:33",9.2 hrs,4.689
pijack11,"Sep 12, 2020, 20:39",10.1 hrs,4.656
pijack11,"Sep 11, 2020, 21:31",10.2 hrs,4.679
pijack11,"Sep 10, 2020, 21:18",8.9 hrs,4.859
pijack11,"Sep 9, 2020, 21:28",9.3 hrs,4.086
pijack11,"Sep 8, 2020, 21:24",8.8 hrs,4.141
pijack11,"Sep 7, 2020, 22:09",7.6 hrs,4.755
pijack11,"Sep 6, 2020, 20:08",10.8 hrs,6.446
pijack11,"Sep 5, 2020, 19:17",11.6 hrs,6.450
pijack11,"Sep 3, 2020, 21:18",10.6 hrs,4.647
pijack11,"Sep 2, 2020, 18:49",11.4 hrs,5.254
pijack11,"Sep 1, 2020, 20:54",11.3 hrs,5.938
pijack11,"Aug 30, 2020, 21:24",9.5 hrs,5.753
pijack11,"Aug 29, 2020, 21:38",11.8 hrs,5.344
pijack11,"Aug 28, 2020, 20:46",12.0 hrs,10.571
pijack11,"Aug 27, 2020, 20:34",9.3 hrs,3.791
pijack11,"Aug 26, 2020, 21:01",11.1 hrs,5.950
pijack11,"Aug 25, 2020, 20:24",9.0 hrs,4.963
pijack11,"Aug 24, 2020, 21:43",9.7 hrs,4.828
pijack11,"Aug 23, 2020, 21:27",10.8 hrs,5.690
pijack11,"Aug 22, 2020, 21:17",10.8 hrs,3.601
pijack11,"Aug 21, 2020, 21:09",10.9 hrs,6.691
pijack11,"Aug 20, 2020, 22:18",10.3 hrs,5.554
pijack11,"Aug 19, 2020, 21:33",10.5 hrs,4.624
pijack11,"Aug 18, 2020, 21:28",11.3 hrs,5.249
pijack11,"Aug 17, 2020, 22:15",11.0 hrs,4.523
pijack11,"Aug 16, 2020, 21:18",13.3 hrs,7.485
pijack11,"Aug 14, 2020, 22:03",10.7 hrs,6.661
pijack11,"Aug 13, 2020, 21:51",9.4 hrs,2.639
pijack11,"Aug 12, 2020, 21:13",11.0 hrs,3.027
pijack11,"Aug 11, 2020, 21:53",9.8 hrs,4.649
pijack11,"Aug 9, 2020, 22:32",9.7 hrs,5.443
pijack11,"Aug 8, 2020, 22:05",8.7 hrs,4.994
pijack11,"Aug 7, 2020, 22:56",11.0 hrs,3.402
pijack11,"Aug 6, 2020, 21:18",8.6 hrs,3.563
pijack11,"Aug 5, 2020, 22:14",10.2 hrs,3.553
pijack11,"Aug 4, 2020, 21:02",9.0 hrs,4.294
pijack11,"Aug 3, 2020, 21:56",9.3 hrs,3.378
pijack11,"Aug 2, 2020, 21:25",10.3 hrs,3.657
pijack11,"Jul 31, 2020, 21:17",10.4 hrs,5.276
pijack11,"Jul 30, 2020, 21:22",9.9 hrs,2.453
pijack11,"Jul 29, 2020, 22:02",7.4 hrs,3.429
pijack11,"Jul 28, 2020, 20:04",9.8 hrs,2.981
pijack11,"Jul 26, 2020, 22:22",9.7 hrs,3.354
pijack11,"Jul 25, 2020, 22:24",9.2 hrs,3.438
pijack11,"Jul 24, 2020, 23:20",7.4 hrs,2.478
pijack11,"Jul 23, 2020, 20:54",11.2 hrs,3.217
pijack11,"Jul 22, 2020, 23:25",6.8 hrs,3.302
pijack11,"Jul 21, 2020, 20:15",11.7 hrs,2.420
pijack11,"Jul 19, 2020, 22:34",9.8 hrs,4.467
pijack11,"Jul 19, 2020, 02:00",4.1 hrs,2.899
pijack11,"Jul 18, 2020, 21:25",3.0 hrs,2.869
pijack11,"Jul 17, 2020, 23:01",7.7 hrs,3.140
pijack11,"Jul 17, 2020, 04:19",4.4 hrs,1.863
pijack11,"Jul 17, 2020, 01:49",1.8 hrs,1.994
pijack11,"Jul 16, 2020, 20:55",4.0 hrs,3.430
pijack11,"Jul 14, 2020, 21:40",10.2 hrs,3.506
pijack11,"Jul 13, 2020, 20:21",9.2 hrs,4.683
pijack11,"Jul 11, 2020, 20:34",9.7 hrs,4.435
pijack11,"Jul 10, 2020, 20:57",9.4 hrs,3.182
pijack11,"Jul 9, 2020, 21:52",9.7 hrs,2.855
pijack11,"Jul 8, 2020, 20:36",10.6 hrs,3.914
pijack11,"Jul 7, 2020, 21:18",8.8 hrs,2.880
pijack11,"Jul 5, 2020, 21:56",9.0 hrs,4.842
pijack11,"Jul 4, 2020, 21:51",9.6 hrs,3.617
pijack11,"Jul 3, 2020, 21:11",8.1 hrs,3.004
pijack11,"Jul 2, 2020, 22:04",5.2 hrs,2.886
pijack11,"Jul 1, 2020, 20:38",9.4 hrs,3.690
pijack11,"Jun 30, 2020, 20:45",10.3 hrs,3.651
pijack11,"Jun 28, 2020, 22:23",7.5 hrs,4.801
pijack11,"Jun 27, 2020, 22:01",9.1 hrs,4.142
pijack11,"Jun 26, 2020, 22:08",7.1 hrs,3.770
pijack11,"Jun 25, 2020, 22:03",8.7 hrs,3.764
pijack11,"Jun 24, 2020, 21:28",7.9 hrs,3.411
pijack11,"Jun 23, 2020, 20:12",10.9 hrs,4.051
pijack11,"Jun 20, 2020, 21:48",7.8 hrs,5.388
pijack11,"Jun 19, 2020, 21:13",9.2 hrs,3.474
pijack11,"Jun 18, 2020, 21:09",10.9 hrs,3.895
pijack11,"Jun 17, 2020, 21:06",7.1 hrs,5.010
pijack11,"Jun 16, 2020, 22:30",8.4 hrs,4.700
pijack11,"Jun 15, 2020, 23:22",7.0 hrs,3.191
pijack11,"Jun 14, 2020, 21:41",7.5 hrs,4.849
pijack11,"Jun 13, 2020, 23:07",6.3 hrs,4.279
pijack11,"Jun 12, 2020, 22:51",8.6 hrs,4.771
pijack11,"Jun 11, 2020, 23:02",7.0 hrs,3.215
pijack11,"Jun 10, 2020, 21:34",7.0 hrs,2.468
pijack11,"Jun 9, 2020, 21:04",9.7 hrs,2.957
pijack11,"Jun 7, 2020, 21:55",7.8 hrs,2.729
pijack11,"Jun 6, 2020, 21:36",9.1 hrs,3.798
pijack11,"Jun 5, 2020, 22:43",7.5 hrs,3.150
pijack11,"Jun 4, 2020, 20:54",7.5 hrs,2.484
pijack11,"Jun 3, 2020, 21:59",10.1 hrs,2.911
pijack11,"Jun 2, 2020, 21:11",9.7 hrs,4.578
pijack11,"May 31, 2020, 21:19",9.8 hrs,2.926
pijack11,"May 30, 2020, 21:44",9.7 hrs,3.404
pijack11,"May 29, 2020, 21:07",9.4 hrs,2.939
pijack11,"May 28, 2020, 22:27",8.6 hrs,2.584
pijack11,"May 27, 2020, 22:05",8.8 hrs,4.699
pijack11,"May 26, 2020, 21:24",11.7 hrs,3.791
pijack11,"May 24, 2020, 21:17",9.8 hrs,2.919
pijack11,"May 23, 2020, 21:44",10.2 hrs,3.422
pijack11,"May 22, 2020, 22:16",8.1 hrs,2.240
pijack11,"May 21, 2020, 21:27",12.1 hrs,2.851
pijack11,"May 20, 2020, 21:25",11.3 hrs,3.122
pijack11,"May 19, 2020, 20:51",11.9 hrs,2.404
pijack11,"May 17, 2020, 21:58",8.1 hrs,1.837
pijack11,"May 16, 2020, 21:26",8.1 hrs,2.082
pijack11,"May 15, 2020, 20:54",11.8 hrs,2.439
pijack11,"May 14, 2020, 21:14",9.0 hrs,2.419
pijack11,"May 13, 2020, 21:10",9.6 hrs,2.574
pijack11,"May 12, 2020, 21:18",8.8 hrs,2.635
pijack11,"May 11, 2020, 20:49",10.3 hrs,2.882
pijack11,"May 9, 2020, 22:39",6.1 hrs,2.516
pijack11,"May 8, 2020, 21:09",10.4 hrs,4.037
pijack11,"May 7, 2020, 21:20",8.9 hrs,4.299
pijack11,"May 6, 2020, 21:57",9.6 hrs,2.728
pijack11,"May 5, 2020, 21:02",11.7 hrs,4.623
pijack11,"May 3, 2020, 21:52",11.2 hrs,3.244
pijack11,"May 2, 2020, 21:45",10.2 hrs,2.754
pijack11,"May 1, 2020, 21:18",11.9 hrs,3.264
pijack11,"Apr 30, 2020, 21:14",11.2 hrs,3.088
pijack11,"Apr 29, 2020, 20:58",11.3 hrs,2.819
pijack11,"Apr 28, 2020, 21:11",11.1 hrs,3.755
pijack11,"Apr 26, 2020, 20:47",10.6 hrs,2.721
pijack11,"Apr 25, 2020, 21:13",11.2 hrs,2.240
pijack11,"Apr 24, 2020, 20:50",11.9 hrs,2.828
pijack11,"Apr 23, 2020, 23:07",9.9 hrs,3.505
pijack11,"Apr 23, 2020, 21:44",1.0 hrs,980
pijack11,"Apr 22, 2020, 21:53",12.0 hrs,2.624
pijack11,"Apr 21, 2020, 20:10",12.1 hrs,2.503
pijack11,"Apr 19, 2020, 21:06",12.6 hrs,4.203
pijack11,"Apr 18, 2020, 21:08",10.3 hrs,2.144
pijack11,"Apr 17, 2020, 21:31",10.4 hrs,3.095
pijack11,"Apr 16, 2020, 22:10",9.1 hrs,2.318
pijack11,"Apr 15, 2020, 22:33",7.2 hrs,2.234
pijack11,"Apr 14, 2020, 21:40",7.7 hrs,2.281
pijack11,"Apr 12, 2020, 22:12",9.5 hrs,3.867
pijack11,"Apr 11, 2020, 20:33",8.8 hrs,2.875
pijack11,"Apr 10, 2020, 21:48",9.4 hrs,2.904
pijack11,"Apr 9, 2020, 21:41",10.7 hrs,2.088
pijack11,"Apr 8, 2020, 20:14",11.7 hrs,2.264
pijack11,"Apr 7, 2020, 20:49",7.6 hrs,3.061
pijack11,"Apr 5, 2020, 21:12",12.2 hrs,2.800
pijack11,"Apr 4, 2020, 21:39",8.8 hrs,2.173
pijack11,"Apr 3, 2020, 22:07",8.4 hrs,2.006
pijack11,"Apr 1, 2020, 21:41",6.7 hrs,1.438
pijack11,"Mar 31, 2020, 21:58",6.3 hrs,1.352
pijack11,"Mar 30, 2020, 21:33",11.5 hrs,1.726
pijack11,"Mar 29, 2020, 22:06",12.3 hrs,1.797
pijack11,"Mar 29, 2020, 01:43",8.5 hrs,2.105
pijack11,"Mar 28, 2020, 21:56",0.5 hrs,394
pijack11,"Mar 27, 2020, 22:15",9.2 hrs,2.784
pijack11,"Mar 26, 2020, 21:40",8.7 hrs,1.858
pijack11,"Mar 25, 2020, 20:41",8.4 hrs,1.918
pijack11,"Mar 24, 2020, 21:07",11.6 hrs,1.959
pijack11,"Mar 22, 2020, 23:20",8.8 hrs,1.262
pijack11,"Mar 21, 2020, 21:44",7.5 hrs,2.269
pijack11,"Mar 20, 2020, 20:34",6.5 hrs,1.169
pijack11,"Mar 19, 2020, 22:08",8.1 hrs,2.653
pijack11,"Mar 18, 2020, 20:48",7.9 hrs,1.516
pijack11,"Mar 17, 2020, 21:14",9.3 hrs,1.356
pijack11,"Mar 15, 2020, 21:23",6.7 hrs,1.610
pijack11,"Mar 14, 2020, 21:31",7.2 hrs,1.912
pijack11,"Mar 13, 2020, 21:26",7.6 hrs,1.198
pijack11,"Mar 12, 2020, 21:27",7.6 hrs,1.142
pijack11,"Mar 11, 2020, 21:43",9.0 hrs,1.970
pijack11,"Mar 10, 2020, 21:38",9.4 hrs,1.094
pijack11,"Mar 8, 2020, 22:15",8.5 hrs,1.385
pijack11,"Mar 7, 2020, 20:52",10.5 hrs,2.549
pijack11,"Mar 6, 2020, 21:55",5.5 hrs,1.691
pijack11,"Mar 5, 2020, 21:45",11.7 hrs,3.668
pijack11,"Mar 4, 2020, 22:18",8.3 hrs,1.842
pijack11,"Mar 4, 2020, 03:59",6.6 hrs,1.611
pijack11,"Mar 3, 2020, 21:01",5.7 hrs,1.158
pijack11,"Mar 1, 2020, 20:43",12.2 hrs,3.260
pijack11,"Feb 29, 2020, 22:18",10.4 hrs,4.715
pijack11,"Feb 28, 2020, 21:22",11.0 hrs,1.629
pijack11,"Feb 27, 2020, 21:50",9.1 hrs,1.524
pijack11,"Feb 26, 2020, 20:45",10.7 hrs,1.905
pijack11,"Feb 21, 2020, 20:54",11.2 hrs,2.759
pijack11,"Feb 20, 2020, 20:40",8.2 hrs,2.022
pijack11,"Feb 19, 2020, 21:36",8.1 hrs,1.695
pijack11,"Feb 18, 2020, 21:22",6.2 hrs,1.544
pijack11,"Feb 16, 2020, 20:35",10.7 hrs,2.843
pijack11,"Feb 15, 2020, 20:06",8.8 hrs,1.855
pijack11,"Feb 14, 2020, 22:49",3.8 hrs,1.177
pijack11,"Feb 13, 2020, 22:00",8.1 hrs,1.791
pijack11,"Feb 12, 2020, 22:05",7.2 hrs,1.781
pijack11,"Feb 11, 2020, 21:39",8.6 hrs,1.447
pijack11,"Feb 9, 2020, 20:51",10.2 hrs,2.638
pijack11,"Feb 8, 2020, 22:01",8.1 hrs,1.918
pijack11,"Feb 7, 2020, 21:44",9.5 hrs,1.582
pijack11,"Feb 6, 2020, 21:01",10.1 hrs,2.436
pijack11,"Feb 5, 2020, 20:12",8.2 hrs,1.470
pijack11,"Feb 4, 2020, 20:29",10.3 hrs,1.788
pijack11,"Feb 2, 2020, 20:23",9.7 hrs,2.536
pijack11,"Feb 1, 2020, 22:11",8.1 hrs,1.492
pijack11,"Jan 31, 2020, 21:45",8.7 hrs,1.249
pijack11,"Jan 30, 2020, 21:54",6.5 hrs,1.490
pijack11,"Jan 29, 2020, 21:51",10.4 hrs,2.520
pijack11,"Jan 28, 2020, 22:38",8.1 hrs,2.806
pijack11,"Jan 27, 2020, 23:07",8.0 hrs,2.479
pijack11,"Jan 26, 2020, 19:42",11.2 hrs,2.412
pijack11,"Jan 24, 2020, 21:55",10.7 hrs,4.129
pijack11,"Jan 23, 2020, 19:48",11.4 hrs,4.409
pijack11,"Jan 22, 2020, 22:06",7.6 hrs,1.824
pijack11,"Jan 21, 2020, 20:09",10.6 hrs,2.044
pijack11,"Jan 20, 2020, 22:28",7.3 hrs,2.304
pijack11,"Jan 19, 2020, 20:02",10.7 hrs,2.372
pijack11,"Jan 17, 2020, 23:03",9.8 hrs,3.230
pijack11,"Jan 16, 2020, 22:00",9.7 hrs,2.626
pijack11,"Jan 15, 2020, 20:52",11.0 hrs,3.466
pijack11,"Jan 14, 2020, 22:10",7.4 hrs,2.262
pijack11,"Jan 13, 2020, 21:56",9.5 hrs,3.003
pijack11,"Jan 12, 2020, 21:08",9.1 hrs,2.306
pijack11,"Jan 11, 2020, 17:39",6.8 hrs,2.036
pijack11,"Jan 10, 2020, 18:07",11.4 hrs,2.814
pijack11,"Jan 9, 2020, 21:51",7.5 hrs,3.129
pijack11,"Jan 8, 2020, 19:48",10.6 hrs,2.338
pijack11,"Jan 2, 2020, 23:28",8.3 hrs,3.069
pijack11,"Jan 1, 2020, 21:11",8.9 hrs,3.459
pijack11,"Dec 31, 2019, 21:11",9.2 hrs,2.443
pijack11,"Dec 30, 2019, 22:20",9.7 hrs,3.272
pijack11,"Dec 30, 2019, 00:03",8.0 hrs,4.199
pijack11,"Dec 28, 2019, 21:42",10.5 hrs,3.055
pijack11,"Dec 27, 2019, 23:33",8.2 hrs,3.496
pijack11,"Dec 26, 2019, 22:54",8.3 hrs,3.081
pijack11,"Dec 25, 2019, 23:40",7.6 hrs,2.433
pijack11,"Dec 24, 2019, 21:16",9.3 hrs,2.933
pijack11,"Dec 23, 2019, 22:00",9.7 hrs,3.229
pijack11,"Dec 22, 2019, 20:42",10.2 hrs,3.602
pijack11,"Dec 21, 2019, 21:09",10.1 hrs,2.589
pijack11,"Dec 21, 2019, 01:19",6.3 hrs,1.631
pijack11,"Dec 16, 2019, 22:00",9.7 hrs,1.415
pijack11,"Dec 15, 2019, 21:52",8.9 hrs,1.548
pijack11,"Dec 14, 2019, 22:09",8.1 hrs,1.656
pijack11,"Dec 13, 2019, 21:33",10.8 hrs,1.817
pijack11,"Dec 12, 2019, 22:18",9.1 hrs,1.026
pijack11,"Dec 11, 2019, 23:13",7.7 hrs,1.102
pijack11,"Dec 10, 2019, 20:15",9.5 hrs,885
pijack11,"Dec 8, 2019, 20:59",10.1 hrs,1.957
pijack11,"Dec 7, 2019, 20:08",11.3 hrs,2.128
pijack11,"Dec 6, 2019, 21:22",9.9 hrs,2.028
pijack11,"Dec 5, 2019, 21:47",7.1 hrs,1.489
pijack11,"Dec 4, 2019, 23:51",5.7 hrs,1.864
pijack11,"Nov 28, 2019, 22:49",10.1 hrs,1.956
pijack11,"Nov 27, 2019, 21:33",9.5 hrs,1.398
pijack11,"Nov 27, 2019, 01:08",8.3 hrs,1.052
pijack11,"Nov 25, 2019, 23:01",8.6 hrs,1.878
pijack11,"Nov 24, 2019, 22:23",9.8 hrs,3.223
pijack11,"Nov 24, 2019, 00:15",8.5 hrs,1.488
pijack11,"Nov 23, 2019, 00:31",7.2 hrs,1.412
pijack11,"Nov 21, 2019, 22:55",11.5 hrs,1.129
pijack11,"Nov 20, 2019, 22:34",8.8 hrs,1.907
pijack11,"Nov 20, 2019, 03:27",2.3 hrs,1.008
pijack11,"Nov 19, 2019, 17:42",5.0 hrs,1.307
pijack11,"Nov 18, 2019, 20:33",6.8 hrs,1.405
pijack11,"Nov 13, 2019, 19:47",5.1 hrs,633
pijack11,"Nov 13, 2019, 00:42",6.4 hrs,1.413
pijack11,"Nov 11, 2019, 23:59",6.9 hrs,1.043
pijack11,"Nov 11, 2019, 03:48",5.9 hrs,1.036
pijack11,"Nov 9, 2019, 22:27",10.6 hrs,1.738
pijack11,"Nov 8, 2019, 01:09",8.8 hrs,1.342
pijack11,"Nov 7, 2019, 00:33",7.2 hrs,1.463
pijack11,"Nov 6, 2019, 03:23",4.0 hrs,713
pijack11,"Nov 5, 2019, 03:08",5.9 hrs,1.023
pijack11,"Nov 3, 2019, 20:11",11.7 hrs,2.233
pijack11,"Nov 2, 2019, 05:27",5.3 hrs,904
pijack11,"Nov 1, 2019, 20:07",3.0 hrs,776
pijack11,"Nov 1, 2019, 01:31",8.4 hrs,1.993
pijack11,"Oct 30, 2019, 23:11",9.4 hrs,1.260
pijack11,"Oct 29, 2019, 00:30",13.9 hrs,1.697
pijack11,"Oct 27, 2019, 19:56",13.7 hrs,4.442
pijack11,"Oct 27, 2019, 00:00",8.2 hrs,1.796
pijack11,"Oct 26, 2019, 02:40",7.4 hrs,1.423
pijack11,"Oct 25, 2019, 16:03",4.3 hrs,1.023
pijack11,"Oct 25, 2019, 02:46",3.5 hrs,592
pijack11,"Oct 24, 2019, 13:42",4.9 hrs,1.391
pijack11,"Oct 23, 2019, 13:46",4.8 hrs,3.904
pijack11,"Oct 21, 2019, 17:39",11.3 hrs,1.398
pijack11,"Oct 20, 2019, 20:35",9.3 hrs,2.966
pijack11,"Oct 17, 2019, 18:06",5.6 hrs,586
pijack11,"Oct 16, 2019, 17:09",9.4 hrs,832
pijack11,"Oct 15, 2019, 20:06",8.3 hrs,2.092
pijack11,"Oct 14, 2019, 19:12",9.9 hrs,706
pijack11,"Oct 9, 2019, 00:56",5.6 hrs,1.744
pijack11,"Oct 7, 2019, 17:40",5.4 hrs,659
pijack11,"Oct 6, 2019, 19:30",5.6 hrs,1.876
pijack11,"Oct 5, 2019, 18:05",9.3 hrs,1.270
pijack11,"Oct 4, 2019, 17:31",6.4 hrs,752
pijack11,"Oct 3, 2019, 18:12",5.2 hrs,813
pijack11,"Oct 2, 2019, 16:23",5.5 hrs,599
pijack11,"Sep 30, 2019, 02:05",3.6 hrs,14.053
pijack11,"Sep 28, 2019, 22:12",4.2 hrs,1.150
pijack11,"Sep 25, 2019, 20:18",3.3 hrs,300
pijack11,"Sep 25, 2019, 03:41",3.2 hrs,739
pijack11,"Sep 24, 2019, 02:39",3.8 hrs,1.062
pijack11,"Sep 22, 2019, 18:17",4.5 hrs,983
pijack11,"Sep 21, 2019, 02:31",4.7 hrs,2.043
pijack11,"Sep 20, 2019, 18:26",3.3 hrs,821
pijack11,"Sep 20, 2019, 02:50",2.6 hrs,802
pijack11,"Sep 19, 2019, 17:12",3.9 hrs,665
pijack11,"Sep 15, 2019, 03:19",2.6 hrs,814
pijack11,"Sep 14, 2019, 19:15",5.2 hrs,1.548
pijack11,"Sep 14, 2019, 01:57",3.3 hrs,1.682
pijack11,"Sep 11, 2019, 15:07",4.1 hrs,519
pijack11,"Sep 10, 2019, 15:35",4.7 hrs,1.094
pijack11,"Sep 9, 2019, 15:05",5.7 hrs,1.232
pijack11,"Sep 7, 2019, 04:17",2.6 hrs,1.424
pijack11,"Sep 6, 2019, 15:34",6.5 hrs,1.170
pijack11,"Sep 5, 2019, 16:41",4.4 hrs,415
pijack11,"Sep 1, 2019, 22:34",9.0 hrs,1.218
pijack11,"Sep 1, 2019, 01:56",5.5 hrs,2.488
pijack11,"Aug 31, 2019, 17:49",4.9 hrs,1.007
pijack11,"Aug 30, 2019, 21:43",8.5 hrs,1.690
pijack11,"Aug 29, 2019, 01:12",5.7 hrs,916
pijack11,"Aug 28, 2019, 21:21",2.7 hrs,364
pijack11,"Aug 28, 2019, 02:57",3.6 hrs,551
pijack11,"Aug 27, 2019, 18:06",5.0 hrs,948
pijack11,"Aug 26, 2019, 20:05",3.1 hrs,600
pijack11,"Aug 26, 2019, 02:49",3.6 hrs,691
pijack11,"Aug 25, 2019, 17:58",6.4 hrs,970
pijack11,"Aug 25, 2019, 03:17",5.5 hrs,634
pijack11,"Aug 24, 2019, 19:51",3.4 hrs,1.308
pijack11,"Aug 24, 2019, 01:51",5.7 hrs,1.765
pijack11,"Aug 23, 2019, 17:07",4.8 hrs,617
pijack11,"Aug 23, 2019, 03:34",3.5 hrs,702
pijack11,"Aug 22, 2019, 18:24",4.7 hrs,912
pijack11,"Aug 21, 2019, 18:40",4.1 hrs,742
pijack11,"Aug 21, 2019, 00:50",5.4 hrs,867
pijack11,"Aug 20, 2019, 16:23",6.0 hrs,778
pijack11,"Aug 20, 2019, 02:06",3.8 hrs,2.105
pijack11,"Aug 19, 2019, 18:07",4.3 hrs,920
pijack11,"Aug 15, 2019, 19:41",2.7 hrs,550
pijack11,"Aug 15, 2019, 01:31",4.4 hrs,746
pijack11,"Aug 14, 2019, 17:44",3.0 hrs,549
pijack11,"Aug 13, 2019, 03:52",3.2 hrs,530
pijack11,"Aug 12, 2019, 00:23",5.3 hrs,1.023
pijack11,"Aug 10, 2019, 23:09",8.6 hrs,1.694
pijack11,"Aug 10, 2019, 01:46",5.5 hrs,490
pijack11,"Aug 8, 2019, 17:22",5.0 hrs,740
pijack11,"Aug 8, 2019, 03:31",2.5 hrs,407
pijack11,"Aug 7, 2019, 18:24",4.2 hrs,760
pijack11,"Aug 6, 2019, 22:55",6.5 hrs,2.760
pijack11,"Aug 6, 2019, 01:39",3.1 hrs,1.134
pijack11,"Aug 5, 2019, 01:33",3.7 hrs,1.091
pijack11,"Aug 4, 2019, 18:12",5.0 hrs,1.391
pijack11,"Aug 3, 2019, 23:45",5.7 hrs,1.404
pijack11,"Aug 3, 2019, 02:46",4.3 hrs,785
pijack11,"Jul 31, 2019, 16:04",4.0 hrs,910
pijack11,"Jul 31, 2019, 03:00",3.9 hrs,1.376
pijack11,"Jul 30, 2019, 16:18",3.1 hrs,481
pijack11,"Jul 30, 2019, 03:04",3.3 hrs,968
pijack11,"Jul 29, 2019, 21:33",2.7 hrs,304
pijack11,"Jul 28, 2019, 21:13",3.4 hrs,1.117
pijack11,"Jul 26, 2019, 14:24",5.7 hrs,817
pijack11,"Jul 25, 2019, 21:15",5.0 hrs,753
pijack11,"Jul 24, 2019, 15:47",5.6 hrs,955
pijack11,"Jul 23, 2019, 14:11",5.0 hrs,4.362
pijack11,"Jul 22, 2019, 16:44",6.0 hrs,1.084
pijack11,"Jul 21, 2019, 15:26",7.3 hrs,664
pijack11,"Jul 9, 2019, 20:44",4.5 hrs,755
pijack11,"Jul 8, 2019, 18:11",10.9 hrs,5.597
pijack11,"Jul 8, 2019, 01:47",4.0 hrs,1.928
pijack11,"Jul 7, 2019, 03:54",2.7 hrs,399
pijack11,"Jul 6, 2019, 20:12",5.9 hrs,3.200
pijack11,"Jul 6, 2019, 00:29",4.1 hrs,1.211
pijack11,"Jul 5, 2019, 16:07",6.5 hrs,1.657
pijack11,"Jul 5, 2019, 01:59",4.6 hrs,1.395
pijack11,"Jul 4, 2019, 16:26",4.5 hrs,1.256
pijack11,"Jul 4, 2019, 00:01",4.2 hrs,1.596
pijack11,"Jul 3, 2019, 14:52",6.9 hrs,1.182
pijack11,"Jul 2, 2019, 15:17",3.5 hrs,1.143
pijack11,"Jul 1, 2019, 16:20",5.2 hrs,1.223
pijack11,"Jul 1, 2019, 01:51",5.4 hrs,1.171
pijack11,"Jun 29, 2019, 18:21",7.2 hrs,1.357
pijack11,"Jun 28, 2019, 12:58",8.9 hrs,1.282
pijack11,"Jun 27, 2019, 17:10",4.4 hrs,1.117
pijack11,"Jun 26, 2019, 13:18",9.8 hrs,1.790
pijack11,"Jun 24, 2019, 18:34",5.0 hrs,1.439
pijack11,"Jun 23, 2019, 18:43",9.3 hrs,1.383
pijack11,"Jun 22, 2019, 18:41",10.1 hrs,3.198
pijack11,"Jun 22, 2019, 03:32",3.0 hrs,739
pijack11,"Jun 21, 2019, 16:30",8.2 hrs,1.613
pijack11,"Jun 21, 2019, 03:25",2.9 hrs,909
pijack11,"Jun 20, 2019, 16:25",8.4 hrs,1.504
pijack11,"Jun 20, 2019, 00:37",4.8 hrs,626
pijack11,"Jun 19, 2019, 15:36",6.3 hrs,691
pijack11,"Jun 19, 2019, 02:41",4.2 hrs,575
pijack11,"Jun 18, 2019, 16:12",6.5 hrs,1.017
pijack11,"Jun 18, 2019, 01:03",3.4 hrs,1.237
pijack11,"Jun 17, 2019, 15:36",6.0 hrs,1.364
pijack11,"Jun 16, 2019, 16:51",10.9 hrs,9.982
pijack11,"Jun 15, 2019, 19:25",8.3 hrs,2.159
pijack11,"Jun 15, 2019, 01:19",4.3 hrs,1.090
pijack11,"Jun 14, 2019, 17:12",6.4 hrs,1.378
pijack11,"Jun 12, 2019, 21:36",6.0 hrs,1.955
pijack11,"Jun 12, 2019, 13:04",6.0 hrs,3.419
pijack11,"Jun 11, 2019, 14:21",9.2 hrs,943
pijack11,"Jun 10, 2019, 17:49",6.1 hrs,776
pijack11,"Jun 8, 2019, 18:39",10.3 hrs,2.602
pijack11,"Jun 7, 2019, 17:05",4.7 hrs,675
pijack11,"Jun 6, 2019, 19:18",8.9 hrs,1.085
pijack11,"Jun 6, 2019, 18:00",0.7 hrs,392
pijack11,"Jun 5, 2019, 16:31",9.7 hrs,1.137
pijack11,"Jun 5, 2019, 01:48",4.1 hrs,998
pijack11,"Jun 4, 2019, 16:41",6.2 hrs,657
pijack11,"Jun 3, 2019, 14:42",8.4 hrs,1.337
pijack11,"Jun 1, 2019, 20:45",7.7 hrs,2.307
pijack11,"May 31, 2019, 15:33",6.0 hrs,886
pijack11,"May 29, 2019, 15:37",2.1 hrs,379
pijack11,"May 29, 2019, 02:27",2.5 hrs,619
pijack11,"May 28, 2019, 15:44",5.8 hrs,523
pijack11,"May 26, 2019, 16:54",5.3 hrs,1.988
pijack11,"May 25, 2019, 17:44",7.7 hrs,2.581
pijack11,"May 24, 2019, 14:06",9.6 hrs,1.603
pijack11,"May 22, 2019, 16:51",6.0 hrs,845
pijack11,"May 21, 2019, 15:53",8.3 hrs,1.161
pijack11,"May 19, 2019, 16:18",8.3 hrs,1.155
pijack11,"May 19, 2019, 02:08",4.4 hrs,1.061
pijack11,"May 18, 2019, 17:00",6.1 hrs,829
pijack11,"May 17, 2019, 15:42",3.0 hrs,768
pijack11,"May 16, 2019, 20:26",6.8 hrs,913
pijack11,"May 15, 2019, 16:55",3.6 hrs,400
pijack11,"May 14, 2019, 18:32",5.0 hrs,508
pijack11,"May 13, 2019, 16:15",7.0 hrs,513
pijack11,"May 12, 2019, 17:02",9.7 hrs,2.278
pijack11,"May 11, 2019, 16:31",8.4 hrs,1.399
pijack11,"May 9, 2019, 15:07",8.6 hrs,962
pijack11,"May 6, 2019, 19:12",4.5 hrs,1.192
pijack11,"May 5, 2019, 18:30",8.9 hrs,1.729
pijack11,"May 5, 2019, 02:56",5.0 hrs,801
pijack11,"May 4, 2019, 15:42",5.7 hrs,1.431
pijack11,"May 4, 2019, 00:26",5.5 hrs,599
pijack11,"May 3, 2019, 15:33",5.2 hrs,727
pijack11,"May 1, 2019, 17:04",8.0 hrs,748
pijack11,"Apr 30, 2019, 17:39",3.8 hrs,358
pijack11,"Apr 29, 2019, 19:06",5.1 hrs,1.118
pijack11,"Apr 28, 2019, 19:03",7.5 hrs,2.764
pijack11,"Apr 27, 2019, 21:26",9.3 hrs,6.705
pijack11,"Apr 26, 2019, 16:42",3.5 hrs,483
pijack11,"Apr 23, 2019, 15:19",10.1 hrs,1.351
pijack11,"Apr 21, 2019, 16:54",12.2 hrs,4.642
pijack11,"Apr 20, 2019, 18:46",8.1 hrs,2.145
pijack11,"Apr 20, 2019, 01:21",5.9 hrs,993
pijack11,"Apr 19, 2019, 15:05",4.7 hrs,1.406
pijack11,"Apr 18, 2019, 14:59",2.9 hrs,588
pijack11,"Apr 17, 2019, 15:47",6.3 hrs,1.996
pijack11,"Apr 16, 2019, 15:36",6.6 hrs,1.464
pijack11,"Apr 14, 2019, 19:06",2.6 hrs,559
pijack11,"Apr 13, 2019, 21:40",5.9 hrs,1.117
pijack11,"Apr 12, 2019, 19:01",3.0 hrs,1.095
pijack11,"Apr 11, 2019, 23:42",4.4 hrs,1.922
pijack11,"Apr 11, 2019, 14:29",5.3 hrs,1.526
pijack11,"Apr 10, 2019, 15:25",4.8 hrs,650
pijack11,"Apr 8, 2019, 16:44",5.3 hrs,1.978
pijack11,"Apr 8, 2019, 02:08",6.1 hrs,815
pijack11,"Apr 7, 2019, 17:32",4.5 hrs,804
pijack11,"Apr 6, 2019, 20:33",4.5 hrs,900
pijack11,"Apr 5, 2019, 21:46",4.0 hrs,763
pijack11,"Apr 4, 2019, 15:54",7.3 hrs,953
pijack11,"Apr 3, 2019, 15:39",7.3 hrs,514
pijack11,"Apr 2, 2019, 17:33",6.8 hrs,781
pijack11,"Apr 1, 2019, 15:21",4.9 hrs,606
pijack11,"Mar 31, 2019, 22:41",6.7 hrs,1.493
pijack11,"Mar 31, 2019, 15:54",6.2 hrs,2.397
pijack11,"Mar 30, 2019, 17:07",10.9 hrs,3.945
pijack11,"Mar 29, 2019, 23:38",5.9 hrs,957
pijack11,"Mar 29, 2019, 15:34",3.2 hrs,1.947
pijack11,"Mar 28, 2019, 14:00",8.4 hrs,819
pijack11,"Mar 26, 2019, 18:59",3.9 hrs,1.042
pijack11,"Mar 25, 2019, 17:20",5.6 hrs,1.801
pijack11,"Mar 24, 2019, 16:33",7.2 hrs,2.479
pijack11,"Mar 21, 2019, 21:31",2.7 hrs,499
pijack11,"Mar 21, 2019, 16:22",3.2 hrs,995
pijack11,"Mar 21, 2019, 00:46",4.0 hrs,1.371
pijack11,"Mar 20, 2019, 13:46",7.6 hrs,1.284
pijack11,"Mar 19, 2019, 23:05",5.0 hrs,2.033
pijack11,"Mar 19, 2019, 12:47",5.5 hrs,694
pijack11,"Mar 18, 2019, 15:37",5.6 hrs,803
pijack11,"Mar 17, 2019, 14:39",6.9 hrs,1.484
pijack11,"Mar 16, 2019, 19:03",5.0 hrs,1.349
pijack11,"Mar 16, 2019, 13:24",4.0 hrs,1.146
pijack11,"Mar 15, 2019, 15:51",5.5 hrs,700
pijack11,"Mar 13, 2019, 17:04",3.8 hrs,1.310
pijack11,"Mar 11, 2019, 13:24",4.2 hrs,584
pijack11,"Mar 10, 2019, 22:31",2.9 hrs,923
pijack11,"Mar 10, 2019, 13:53",5.7 hrs,1.528
pijack11,"Mar 10, 2019, 01:44",3.7 hrs,1.709
pijack11,"Mar 9, 2019, 15:08",4.8 hrs,1.753
pijack11,"Mar 8, 2019, 16:14",7.5 hrs,1.899
pijack11,"Mar 7, 2019, 14:26",6.5 hrs,2.142
pijack11,"Mar 6, 2019, 16:31",6.2 hrs,1.560
pijack11,"Mar 5, 2019, 14:03",9.5 hrs,1.989
pijack11,"Mar 4, 2019, 17:58",4.3 hrs,1.443
pijack11,"Mar 3, 2019, 21:57",7.0 hrs,3.026
pijack11,"Mar 3, 2019, 02:58",4.9 hrs,2.228
pijack11,"Mar 2, 2019, 16:15",4.3 hrs,2.562
pijack11,"Mar 1, 2019, 17:00",11.4 hrs,4.163
pijack11,"Feb 28, 2019, 16:19",7.1 hrs,1.643
pijack11,"Feb 28, 2019, 00:15",6.5 hrs,1.733
pijack11,"Feb 27, 2019, 01:17",3.5 hrs,775
pijack11,"Feb 26, 2019, 15:19",7.6 hrs,697
pijack11,"Feb 25, 2019, 13:52",7.4 hrs,1.342
pijack11,"Feb 25, 2019, 00:56",4.5 hrs,734
pijack11,"Feb 22, 2019, 16:31",10.7 hrs,2.023
pijack11,"Feb 21, 2019, 19:33",8.2 hrs,2.805
pijack11,"Feb 20, 2019, 21:21",8.1 hrs,3.455
pijack11,"Feb 19, 2019, 22:09",3.6 hrs,1.587
pijack11,"Feb 19, 2019, 14:08",6.8 hrs,989
pijack11,"Feb 18, 2019, 13:47",7.8 hrs,781
pijack11,"Feb 17, 2019, 20:07",5.0 hrs,2.008
pijack11,"Feb 17, 2019, 14:45",4.7 hrs,746
pijack11,"Feb 16, 2019, 17:57",6.0 hrs,1.308
pijack11,"Feb 15, 2019, 20:27",4.5 hrs,800
pijack11,"Feb 14, 2019, 12:31",6.4 hrs,784
pijack11,"Feb 13, 2019, 15:27",5.6 hrs,535
pijack11,"Feb 12, 2019, 15:06",8.8 hrs,1.111
pijack11,"Feb 10, 2019, 22:44",4.3 hrs,991
pijack11,"Feb 10, 2019, 13:22",7.4 hrs,1.204
pijack11,"Feb 9, 2019, 13:56",8.6 hrs,6.359
pijack11,"Feb 9, 2019, 00:50",2.6 hrs,462
pijack11,"Feb 8, 2019, 14:29",4.9 hrs,402
pijack11,"Feb 7, 2019, 21:57",4.8 hrs,343
pijack11,"Feb 3, 2019, 19:16",4.8 hrs,1.152
pijack11,"Feb 2, 2019, 21:58",5.9 hrs,1.631
pijack11,"Feb 2, 2019, 14:26",4.5 hrs,709
pijack11,"Feb 1, 2019, 14:15",4.3 hrs,975
pijack11,"Jan 31, 2019, 21:23",3.5 hrs,366
pijack11,"Jan 31, 2019, 15:50",4.6 hrs,523
pijack11,"Jan 30, 2019, 01:09",2.8 hrs,544
pijack11,"Jan 29, 2019, 13:24",4.5 hrs,503
pijack11,"Jan 28, 2019, 20:17",4.1 hrs,455
pijack11,"Jan 28, 2019, 13:37",4.1 hrs,594
pijack11,"Jan 27, 2019, 14:14",7.8 hrs,1.977
pijack11,"Jan 26, 2019, 20:18",5.8 hrs,1.552
pijack11,"Jan 26, 2019, 13:35",4.0 hrs,1.714
pijack11,"Jan 25, 2019, 23:44",3.0 hrs,641
pijack11,"Jan 25, 2019, 13:06",6.2 hrs,706
pijack11,"Jan 24, 2019, 21:41",3.5 hrs,219
pijack11,"Jan 24, 2019, 11:59",6.9 hrs,714
pijack11,"Jan 23, 2019, 12:43",7.0 hrs,1.057
pijack11,"Jan 16, 2019, 01:38",3.3 hrs,621
pijack11,"Jan 9, 2019, 15:14",4.0 hrs,386
pijack11,"Jan 7, 2019, 20:37",5.6 hrs,564
pijack11,"Jan 7, 2019, 16:08",2.6 hrs,629
pijack11,"Jan 6, 2019, 21:39",3.8 hrs,732
pijack11,"Jan 6, 2019, 09:50",8.4 hrs,849
pijack11,"Jan 5, 2019, 17:50",3.2 hrs,1.001
pijack11,"Jan 4, 2019, 00:53",2.9 hrs,781
pijack11,"Jan 3, 2019, 16:54",3.3 hrs,544
pijack11,"Jan 2, 2019, 22:57",3.6 hrs,789
pijack11,"Jan 2, 2019, 15:33",5.7 hrs,1.335
pijack11,"Jan 1, 2019, 15:45",5.8 hrs,1.073
pijack11,"Dec 31, 2018, 14:02",5.7 hrs,1.366
pijack11,"Dec 30, 2018, 21:00",4.7 hrs,696
pijack11,"Dec 29, 2018, 20:23",9.7 hrs,1.198
pijack11,"Dec 28, 2018, 15:12",6.2 hrs,816
pijack11,"Dec 27, 2018, 00:18",3.4 hrs,1.182
pijack11,"Dec 26, 2018, 17:30",3.2 hrs,399
pijack11,"Dec 25, 2018, 14:58",6.3 hrs,860
pijack11,"Dec 24, 2018, 01:32",3.7 hrs,274
pijack11,"Dec 22, 2018, 21:04",3.5 hrs,832
pijack11,"Dec 22, 2018, 14:50",3.1 hrs,447
pijack11,"Dec 21, 2018, 21:20",6.7 hrs,1.064
pijack11,"Dec 20, 2018, 02:02",2.4 hrs,255
pijack11,"Dec 19, 2018, 18:40",3.4 hrs,317
pijack11,"Dec 19, 2018, 00:48",3.3 hrs,452
pijack11,"Dec 18, 2018, 18:47",4.8 hrs,1.009
pijack11,"Dec 18, 2018, 00:37",3.1 hrs,468
pijack11,"Dec 17, 2018, 17:37",3.1 hrs,433
